 ,Mean(RP1column),Mean(CBpeduncle),Mean(stimu)
1,36.687,30.362,36.333
2,36.209,29.577,35.917
3,36.202,29.187,36.250
4,36.221,28.788,36.250
5,36.301,29.658,35.917
6,36.542,29.647,35.917
7,36.557,29.121,36.083
8,36.437,28.618,35.750
9,36.230,28.161,36.083
10,36.293,27.786,36.250
11,36.350,27.556,35.417
12,36.900,28.682,36.167
13,36.939,28.618,35.917
14,37.141,28.593,35.750
15,37.216,28.347,36.000
16,37.163,28.083,36.083
17,37.064,27.851,35.667
18,37.153,27.701,35.750
19,37.188,27.536,35.750
20,37.058,27.430,36.250
21,36.959,27.246,36.250
22,37.043,27.211,36.250
23,36.939,27.226,35.667
24,36.851,27.191,35.750
25,36.944,27.300,36.083
26,36.896,27.217,35.500
27,37.249,28.860,35.500
28,37.411,29.494,34.750
29,37.426,29.482,36.250
30,37.518,29.160,35.583
31,37.395,29.020,36.000
32,37.316,28.922,35.500
33,37.303,28.766,35.833
34,37.500,28.938,35.917
35,37.453,28.874,35.500
36,37.384,28.834,35.500
37,37.275,28.800,36.250
38,37.229,28.679,35.917
39,37.216,28.495,35.750
40,37.067,28.470,35.667
41,37.000,28.405,35.667
42,36.986,28.273,36.000
43,36.905,28.172,36.000
44,36.783,28.012,35.917
45,36.843,27.994,36.250
46,36.740,27.902,35.500
47,36.609,27.804,35.667
48,36.742,27.912,35.833
49,36.647,27.836,35.833
50,36.596,27.901,35.833
51,36.529,28.018,36.000
52,36.520,28.034,35.667
53,36.491,27.995,36.000
54,36.402,28.017,35.833
55,36.311,28.036,35.667
56,36.371,28.105,36.167
57,36.365,27.924,35.667
58,36.371,27.973,35.833
59,36.213,27.811,35.500
60,36.227,27.837,36.583
61,36.226,27.842,35.833
62,36.218,27.785,36.667
63,36.017,27.822,36.250
64,36.043,27.942,36.417
65,36.020,27.918,37.167
66,36.031,27.971,38.917
67,35.852,28.075,38.583
68,35.996,28.008,39.250
69,35.933,28.190,38.833
70,35.827,28.402,38.333
71,35.867,28.683,37.917
72,35.938,28.866,37.417
73,35.883,28.972,38.250
74,35.831,29.140,37.750
75,35.866,29.375,37.500
76,35.837,29.653,37.583
77,35.800,29.808,36.083
78,35.706,30.022,36.750
79,35.700,30.465,36.250
80,35.594,30.779,36.250
81,35.636,31.054,36.333
82,35.543,31.354,35.833
83,35.606,31.749,36.333
84,35.712,32.556,36.333
85,36.016,34.510,35.833
86,36.028,34.697,36.250
87,36.089,34.592,36.250
88,36.109,34.453,36.250
89,36.113,34.231,36.250
90,36.006,34.194,35.750
91,36.016,33.834,36.167
92,35.906,33.759,35.583
93,35.841,33.521,36.000
94,35.905,33.299,36.000
95,35.927,33.256,36.167
96,35.874,33.099,36.167
97,35.752,32.920,35.750
98,35.822,32.942,35.667
99,35.777,32.919,35.917
100,35.776,32.872,35.667
101,35.610,32.738,35.667
102,35.657,32.814,35.833
103,36.136,34.686,36.250
104,36.321,34.853,35.917
105,36.373,34.550,36.500
106,36.485,34.323,36.250
107,36.534,33.955,36.250
108,36.583,33.467,36.250
109,36.491,33.201,35.583
110,36.534,32.822,35.750
111,36.560,32.603,35.750
112,36.468,32.346,35.750
113,36.383,32.066,35.333
114,36.436,31.898,36.000
115,36.396,31.712,36.083
116,36.382,31.466,36.083
117,36.363,31.484,36.083
118,36.378,31.413,36.083
119,36.387,31.587,36.083
120,36.683,33.865,36.083
121,36.905,34.201,36.083
122,36.921,34.161,36.083
123,36.942,33.937,36.083
124,36.811,33.770,35.750
125,36.885,33.542,36.250
126,36.806,33.388,36.250
127,36.846,33.291,36.250
128,36.748,32.909,36.250
129,36.694,32.695,36.000
130,36.683,32.501,36.000
131,36.663,32.433,36.083
132,36.842,33.636,36.250
133,37.180,34.471,35.833
134,37.107,34.474,35.917
135,37.098,34.338,36.000
136,37.069,34.215,36.000
137,37.081,33.903,35.833
138,36.986,33.558,35.667
139,36.978,33.456,35.667
140,37.067,33.270,36.000
141,37.102,33.188,35.667
142,37.037,32.954,36.000
143,37.264,34.515,36.000
144,37.407,34.656,36.000
145,37.468,34.816,36.000
146,37.431,34.545,36.000
147,37.323,34.220,35.667
148,37.367,34.147,35.750
149,37.251,33.912,35.750
150,37.327,33.625,35.667
151,37.183,33.332,35.750
152,37.228,33.181,35.833
153,37.241,32.942,35.750
154,37.526,34.513,36.417
155,37.513,34.745,35.250
156,37.670,34.749,35.917
157,37.629,34.467,36.000
158,37.656,34.576,35.917
159,37.630,34.306,36.000
160,37.642,34.037,35.917
161,37.559,33.826,35.667
162,37.521,33.594,36.167
163,37.569,33.393,36.500
164,37.539,33.137,36.167
165,37.526,32.926,36.167
166,37.690,34.065,36.500
167,37.844,34.596,35.500
168,37.810,34.519,36.000
169,37.805,34.214,36.167
170,37.667,34.006,36.583
171,37.700,33.605,35.750
172,37.611,33.378,36.333
173,37.562,33.202,36.583
174,37.506,32.849,36.083
175,37.519,32.527,35.833
176,37.458,32.379,36.250
177,37.471,32.228,36.333
178,37.274,31.907,36.333
179,37.397,31.781,36.000
180,37.257,31.609,36.333
181,37.297,31.437,36.333
182,37.134,31.225,36.333
183,37.734,33.696,36.333
184,37.691,33.755,36.333
185,37.667,33.688,36.583
186,37.700,33.378,36.583
187,37.759,33.201,36.583
188,37.674,33.051,36.583
189,37.447,32.425,36.583
190,37.550,32.608,36.833
191,37.607,32.368,36.500
192,37.573,32.179,36.583
193,37.464,31.868,36.583
194,37.495,31.606,36.333
195,37.393,31.321,36.833
196,37.436,31.192,36.333
197,37.719,33.290,35.750
198,37.863,33.770,36.333
199,37.884,33.599,36.333
200,37.870,33.408,36.417
201,37.701,33.075,36.417
202,37.745,32.737,36.417
203,37.591,32.398,36.583
204,37.594,32.143,36.583
205,37.431,31.793,36.583
206,37.340,31.547,36.333
207,37.201,31.319,36.083
208,37.098,31.029,35.667
209,37.186,30.863,35.750
210,37.128,30.689,35.667
211,37.096,30.493,35.750
212,36.951,30.276,35.333
213,37.041,30.223,36.083
214,36.933,30.091,35.667
215,36.941,30.026,36.083
216,36.886,29.801,36.000
217,36.849,29.632,35.333
218,37.103,29.536,35.667
219,37.188,29.386,36.000
220,37.058,29.279,35.833
221,37.144,29.322,35.750
222,37.150,29.176,35.583
223,37.092,29.005,35.917
224,36.934,28.904,36.250
225,36.895,28.838,36.250
226,36.877,28.842,35.833
227,36.823,28.686,35.583
228,36.665,28.513,36.000
229,36.769,28.607,35.917
230,36.696,28.471,36.417
231,36.641,28.370,36.667
232,36.770,28.732,36.667
233,36.874,28.753,36.667
234,36.853,28.703,36.667
235,36.770,28.693,36.667
236,36.790,28.628,36.583
237,36.743,28.590,35.667
238,36.771,28.555,36.583
239,36.664,28.340,36.167
240,36.606,28.304,36.000
241,36.571,28.235,36.000
242,36.576,28.192,36.083
243,36.477,28.132,35.750
244,36.596,28.140,36.083
245,36.569,28.089,36.083
246,36.494,28.009,36.083
247,36.371,27.938,36.167
248,36.408,27.907,36.333
249,36.402,27.962,35.917
250,36.429,27.889,36.083
251,36.285,27.845,36.250
252,36.340,27.986,35.500
253,36.279,27.805,36.167
254,36.262,27.895,35.917
255,36.294,28.049,35.917
256,36.257,28.077,35.917
257,36.208,28.078,35.917
258,36.178,28.038,35.917
259,36.178,28.196,36.167
260,36.189,28.233,35.917
261,36.156,28.295,35.917
262,36.034,28.330,35.917
263,36.026,28.347,35.917
264,36.014,28.478,35.917
265,36.024,28.549,35.833
266,35.970,28.625,35.917
267,36.081,28.760,35.917
268,35.930,28.742,36.000
269,35.942,28.862,35.917
270,35.832,28.880,35.583
271,35.870,28.968,35.917
272,35.830,29.043,35.417
273,35.818,29.067,35.750
274,35.767,29.076,35.917
275,35.706,29.211,36.083
276,35.633,29.223,35.417
277,35.622,29.233,36.167
278,35.690,29.370,35.833
279,35.706,29.368,36.167
280,35.635,29.376,40.333
281,35.488,29.397,45.583
282,35.595,29.414,50.917
283,35.560,29.402,52.750
284,35.566,29.356,57.417
285,35.421,29.335,62.000
286,35.426,29.148,64.333
287,35.456,29.280,64.667
288,35.400,29.263,64.833
289,35.343,29.112,64.833
290,35.341,29.105,64.917
291,35.373,29.044,64.917
292,35.383,29.092,64.917
293,35.363,28.957,64.750
294,35.370,28.979,64.750
295,35.312,28.989,65.083
296,35.338,28.924,64.583
297,35.157,28.783,65.083
298,35.246,28.794,64.750
299,35.158,28.608,65.250
300,35.126,28.595,64.750
301,35.134,28.572,64.750
302,35.155,28.720,64.750
303,35.171,28.639,64.750
304,35.045,28.518,64.750
305,35.097,28.540,64.833
306,35.000,28.507,64.833
307,35.032,28.511,64.833
308,35.005,28.483,64.833
309,35.013,30.219,64.833
310,35.309,34.408,64.833
311,35.388,34.775,64.833
312,35.272,34.392,64.833
313,35.321,34.059,64.833
314,35.369,33.995,64.833
315,35.294,33.659,64.833
316,35.125,32.912,64.833
317,35.033,32.395,64.667
318,34.945,31.961,64.833
319,34.899,31.397,64.667
320,34.701,30.939,64.667
321,34.557,30.576,64.667
322,34.440,30.038,64.667
323,34.344,29.781,65.000
324,34.362,29.430,65.000
325,34.263,29.267,65.000
326,34.274,28.946,65.000
327,34.125,28.589,65.000
328,34.104,28.411,65.000
329,33.970,28.279,65.000
330,33.997,28.031,65.000
331,33.821,27.797,65.000
332,33.838,27.723,65.000
333,33.838,27.734,65.000
334,33.767,27.620,65.000
335,33.674,27.475,65.000
336,33.865,27.621,65.000
337,33.822,27.410,65.167
338,33.811,27.317,65.167
339,33.699,27.266,65.083
340,33.683,27.120,65.000
341,33.652,27.071,65.000
342,33.738,27.091,65.000
343,33.812,32.375,65.000
344,33.949,32.081,65.000
345,33.874,31.018,65.167
346,33.852,30.080,64.833
347,33.946,29.622,64.833
348,34.031,28.850,64.833
349,34.309,32.111,64.833
350,34.440,31.789,64.833
351,34.523,30.735,64.833
352,34.539,29.918,64.833
353,34.501,28.944,64.833
354,34.541,28.282,64.833
355,34.971,31.868,64.833
356,35.108,31.188,64.833
357,35.006,30.222,64.833
358,34.831,29.418,64.833
359,34.882,28.896,64.833
360,35.102,31.838,64.833
361,35.060,31.205,64.833
362,34.878,30.317,64.833
363,34.944,30.493,64.833
364,35.118,32.011,64.833
365,35.043,31.025,64.833
366,34.819,30.304,64.500
367,35.017,31.176,64.500
368,34.944,31.834,64.500
369,34.888,31.215,64.167
370,34.909,30.481,64.167
371,34.994,31.776,64.167
372,35.077,31.891,64.167
373,34.835,31.095,64.167
374,34.782,30.260,64.167
375,34.701,29.509,64.167
376,34.620,28.822,64.167
377,34.830,31.648,64.167
378,34.896,31.192,64.167
379,34.844,30.386,64.167
380,34.630,29.625,64.167
381,34.806,30.876,64.167
382,34.870,31.595,64.167
383,34.724,30.910,64.167
384,34.992,32.270,64.167
385,34.971,31.869,64.167
386,34.953,30.932,64.250
387,35.127,32.426,64.250
388,34.997,31.591,64.250
389,34.761,30.642,64.250
390,34.849,31.178,64.250
391,34.888,31.940,64.250
392,34.649,30.898,64.667
393,34.647,30.377,64.667
394,34.546,29.503,64.667
395,34.799,31.656,64.667
396,34.706,31.043,64.667
397,34.627,30.262,64.667
398,34.551,29.926,64.667
399,34.734,31.633,64.667
400,34.547,30.799,64.667
401,34.381,29.891,64.667
402,34.341,29.313,64.750
403,34.221,28.569,64.667
404,34.115,28.048,64.667
405,34.134,27.651,64.750
406,34.073,27.510,64.667
407,34.387,28.206,64.583
408,34.607,31.117,64.500
409,34.610,30.707,64.667
410,34.436,29.745,64.667
411,34.650,31.324,64.667
412,34.541,31.657,64.667
413,34.629,30.734,64.750
414,34.851,31.798,64.667
415,34.878,31.905,64.833
416,34.708,30.944,64.833
417,34.956,32.166,64.833
418,34.790,31.600,64.833
419,34.775,31.224,64.833
420,34.837,31.932,64.833
421,34.747,31.365,64.833
422,34.765,31.566,64.833
423,34.717,31.851,60.167
424,34.709,30.958,54.917
425,34.569,30.129,50.000
426,34.801,31.736,46.833
427,34.540,31.062,43.833
428,34.573,30.142,38.833
429,34.735,31.751,36.667
430,34.751,31.273,35.833
431,34.486,30.379,35.833
432,34.441,29.539,35.750
433,34.606,30.709,36.083
434,34.698,31.353,36.000
435,34.444,30.395,35.667
436,34.377,29.556,35.333
437,34.226,28.845,36.000
438,34.611,31.362,35.833
439,34.536,30.840,35.833
440,34.596,29.878,35.583
441,34.629,29.040,36.000
442,34.379,28.435,35.833
443,34.347,27.904,35.833
444,34.622,27.695,35.667
445,35.392,31.724,35.583
446,35.940,32.209,35.583
447,36.171,32.150,35.583
448,36.598,33.735,35.750
449,36.759,33.863,35.417
450,36.842,33.351,35.750
451,37.002,32.843,35.417
452,37.080,32.591,35.583
453,37.157,32.019,35.417
454,37.157,31.491,35.167
455,37.349,31.081,35.667
456,37.315,30.872,35.833
457,37.363,30.512,35.417
458,37.348,30.191,35.667
459,37.535,29.917,35.500
460,37.554,29.563,36.000
461,37.595,29.365,36.167
462,37.646,29.117,36.333
463,37.744,29.030,36.333
464,37.765,28.946,36.333
465,37.708,28.651,36.167
466,37.814,28.461,36.333
467,37.734,28.445,35.667
468,37.777,28.282,36.333
469,37.776,28.120,36.250
470,37.723,27.986,36.000
471,37.712,27.874,35.417
472,37.639,27.745,36.000
473,37.585,27.659,36.250
474,37.629,27.654,36.167
475,37.600,27.552,35.417
476,37.560,27.475,35.583
477,37.523,27.243,35.917
478,37.444,27.382,36.250
479,37.509,27.330,36.250
480,37.363,27.191,36.167
481,37.291,27.118,36.167
482,37.269,27.100,35.750
483,37.209,27.051,35.833
484,37.106,26.956,36.083
485,37.158,27.052,36.083
486,37.176,27.121,35.583
487,37.078,27.056,35.917
488,36.997,26.908,35.583
489,36.989,26.926,35.583
490,36.868,27.057,35.583
491,36.879,26.884,35.583
492,36.753,26.843,35.583
493,36.787,26.888,35.583
494,36.736,26.810,35.583
495,36.758,26.820,35.583
496,36.654,26.719,36.417
497,36.608,26.803,38.083
498,36.634,26.902,42.917
499,36.568,26.861,49.083
500,36.415,26.723,51.750
501,36.505,26.746,54.917
502,36.332,26.772,60.250
503,36.526,27.229,64.250
504,36.550,27.118,64.250
505,36.561,27.199,64.583
506,36.420,27.054,64.583
507,36.398,27.043,64.333
508,36.471,27.016,64.333
509,36.436,27.032,64.333
510,36.319,26.974,64.333
511,36.285,26.808,64.333
512,36.260,26.846,64.333
513,36.267,26.911,64.333
514,36.220,26.910,64.333
515,36.056,26.785,64.333
516,36.001,26.842,64.333
517,35.982,26.736,64.333
518,35.907,26.748,64.167
519,35.687,26.686,64.167
520,35.480,26.674,64.167
521,35.340,26.651,64.167
522,35.166,26.584,64.167
523,34.971,26.526,64.167
524,34.864,26.517,64.167
525,34.851,26.617,64.167
526,34.661,26.395,64.167
527,34.669,26.734,64.167
528,34.713,26.823,64.167
529,34.589,26.702,64.167
530,34.461,26.544,64.583
531,34.445,26.563,64.583
532,34.419,26.483,64.583
533,34.372,26.521,64.583
534,34.263,26.370,64.583
535,34.194,26.404,64.583
536,34.121,26.398,64.583
537,34.056,26.386,64.583
538,33.956,26.349,64.583
539,33.922,26.217,64.583
540,33.882,26.335,65.083
541,33.896,26.213,65.750
542,33.902,26.260,65.750
543,33.988,26.426,65.750
544,33.945,26.384,64.917
545,33.859,26.365,64.083
546,33.717,26.216,64.083
547,33.650,26.385,64.083
548,33.693,26.421,64.083
549,33.616,26.269,66.000
550,33.545,26.285,66.000
551,33.515,26.213,66.667
552,33.418,26.129,66.583
553,33.455,26.124,66.417
554,33.524,26.243,66.083
555,33.471,26.224,65.583
556,33.518,26.226,65.583
557,33.367,26.103,65.583
558,33.460,26.076,66.000
559,33.372,26.125,64.667
560,33.391,26.090,66.083
561,33.373,26.012,66.083
562,33.442,26.049,66.583
563,33.445,26.059,65.583
564,33.354,26.024,66.167
565,33.395,25.975,66.083
566,33.468,25.913,66.250
567,33.427,25.970,65.917
568,33.451,26.053,65.917
569,33.674,29.357,66.167
570,33.870,31.336,66.167
571,33.860,30.622,65.583
572,33.914,29.895,65.833
573,34.044,29.274,66.000
574,34.071,28.947,66.083
575,34.283,31.392,66.750
576,34.454,31.314,66.500
577,34.727,32.553,66.167
578,34.811,31.780,66.000
579,34.936,32.654,66.167
580,34.864,32.559,66.167
581,34.853,32.411,65.833
582,34.908,32.559,64.833
583,34.840,32.306,64.833
584,34.581,31.539,64.833
585,34.819,32.052,64.583
586,34.763,31.967,64.917
587,34.712,31.376,64.917
588,34.753,32.093,64.667
589,34.747,31.543,64.500
590,34.526,30.826,64.500
591,34.700,31.909,64.500
592,34.704,31.539,64.500
593,34.782,30.816,64.500
594,34.908,31.962,64.500
595,34.753,31.606,64.500
596,34.560,30.829,64.500
597,34.598,30.215,64.500
598,34.910,31.834,64.500
599,34.707,31.172,64.667
600,34.666,30.708,64.667
601,34.574,30.266,64.667
602,34.756,31.589,64.667
603,34.567,31.041,64.667
604,34.434,30.414,64.667
605,34.311,29.845,64.667
606,34.557,31.392,64.667
607,34.366,30.943,64.667
608,34.315,30.301,64.667
609,34.172,29.775,64.667
610,34.129,29.129,64.667
611,34.023,28.864,64.667
612,33.968,28.497,64.500
613,33.936,28.277,64.750
614,33.930,28.055,64.667
615,33.800,27.791,64.750
616,33.828,27.690,64.750
617,33.767,27.502,64.750
618,33.795,27.421,64.750
619,33.673,27.090,64.417
620,33.615,27.179,64.667
621,33.531,27.049,64.667
622,33.647,27.027,64.083
623,33.748,27.008,64.083
624,33.810,26.967,64.083
625,33.767,26.934,64.083
626,33.667,26.707,64.083
627,33.737,26.754,64.083
628,33.810,26.711,64.083
629,33.775,26.729,64.083
630,33.819,26.699,64.083
631,33.648,26.477,64.167
632,33.600,26.543,64.083
633,33.631,26.505,64.083
634,33.527,26.507,64.083
635,33.518,26.411,64.167
636,33.566,26.414,64.083
637,33.430,26.351,64.250
638,33.390,26.278,64.083
639,33.477,26.219,64.083
640,33.450,26.361,62.417
641,33.393,26.237,58.083
642,33.387,26.239,52.583
643,33.464,26.251,49.250
644,33.389,26.139,45.500
645,33.380,26.180,40.167
646,33.392,26.220,37.750
647,33.452,26.312,35.917
648,33.378,26.219,38.917
649,33.312,26.103,38.750
650,33.388,26.193,39.750
651,33.406,26.271,39.667
652,33.355,26.223,38.083
653,33.253,26.172,38.000
654,33.542,30.434,38.000
655,33.593,31.131,39.750
656,33.459,30.346,39.917
657,33.539,29.810,39.500
658,33.563,29.108,39.333
659,33.570,28.701,38.083
660,33.460,28.115,35.500
661,33.433,27.803,35.250
662,33.653,27.721,35.417
663,33.946,27.617,35.417
664,34.230,27.561,35.917
665,34.333,27.462,35.917
666,34.478,27.488,36.083
667,35.190,32.963,35.417
668,35.658,33.539,35.250
669,35.857,33.350,35.250
670,35.945,33.050,35.250
671,35.894,32.384,35.250
672,35.902,32.117,35.250
673,35.853,31.668,35.250
674,35.873,31.423,35.250
675,35.859,31.090,35.250
676,35.676,30.710,35.250
677,35.711,30.359,35.583
678,35.691,30.255,35.250
679,35.618,29.959,35.667
680,35.592,29.760,35.750
681,35.591,29.521,35.750
682,35.617,29.367,35.583
683,35.580,29.226,35.583
684,35.521,29.085,35.250
685,35.503,28.964,35.333
686,35.411,28.928,35.250
687,35.431,28.776,35.250
688,35.417,28.544,35.250
689,35.449,28.571,35.917
690,35.344,28.441,35.833
691,35.243,28.560,36.000
692,35.363,28.707,36.000
693,35.312,28.667,36.000
694,35.290,28.688,36.000
695,35.186,28.446,36.000
696,35.246,28.527,36.000
697,35.314,28.470,36.000
698,35.183,28.441,36.000
699,35.098,28.368,36.000
700,35.166,28.307,36.000
701,35.155,28.228,36.000
702,35.069,28.291,35.917
703,35.120,28.185,36.000
704,35.188,28.261,35.917
705,35.124,28.314,36.000
706,35.081,28.224,35.917
707,35.166,28.424,35.417
708,35.359,28.605,36.000
709,35.324,28.539,36.000
710,35.428,28.538,36.000
711,35.262,28.409,36.000
712,35.319,28.524,35.667
713,35.297,28.349,35.500
714,35.281,28.381,35.833
715,35.208,28.350,35.750
716,35.173,28.301,35.750
717,35.195,28.314,35.917
718,35.038,28.189,35.750
719,35.115,28.290,35.833
720,35.097,28.310,35.833
721,35.119,28.351,35.833
722,34.985,28.286,35.833
723,35.034,28.250,35.833
724,35.018,28.320,35.917
725,34.960,28.320,35.667
726,34.947,28.307,35.250
727,35.068,28.500,35.667
728,35.024,28.466,36.333
729,35.013,28.530,35.667
730,34.954,28.569,36.083
731,35.037,28.600,36.500
732,35.012,28.642,35.833
733,34.983,28.622,35.667
734,34.943,28.676,35.667
735,34.907,28.689,35.833
736,34.930,28.598,35.667
737,35.021,28.783,35.833
738,34.994,28.824,35.833
739,35.040,28.776,35.833
740,35.012,28.846,35.833
741,34.879,28.717,35.833
742,35.175,29.342,35.833
743,35.270,29.350,35.833
744,35.560,29.417,35.833
745,35.592,29.342,35.833
746,35.618,29.390,35.833
747,35.610,29.251,36.000
748,35.620,29.316,36.000
749,35.519,29.251,36.000
750,35.491,29.063,36.000
751,35.412,29.048,35.833
752,35.387,28.983,36.417
753,35.321,28.916,36.500
754,35.357,28.934,36.250
755,35.261,28.935,35.583
756,35.299,28.826,35.667
757,35.259,28.822,35.583
758,35.230,28.816,35.833
759,35.113,28.691,35.583
760,35.136,28.644,35.417
761,35.126,28.756,35.417
762,35.189,28.709,35.417
763,35.196,28.638,35.333
764,35.034,28.596,35.583
765,35.089,28.629,35.833
766,35.092,28.609,35.583
767,35.117,28.577,35.583
768,35.023,28.457,35.750
769,35.052,28.477,35.417
770,35.076,28.492,36.000
771,35.066,28.412,35.833
772,35.027,28.383,35.917
773,35.031,28.471,35.667
774,35.035,28.411,35.583
775,35.027,28.443,35.667
776,35.014,28.464,35.583
777,35.080,28.349,35.750
778,35.027,28.368,35.750
779,35.047,28.379,35.750
780,34.976,28.368,35.750
781,34.959,28.317,35.417
782,34.953,28.284,35.750
783,34.875,28.215,36.083
784,35.004,28.342,36.083
785,35.021,28.599,36.083
786,35.166,28.786,36.083
787,35.126,28.672,36.083
788,35.198,28.745,35.750
789,35.232,28.635,36.083
790,35.113,28.530,36.083
791,35.038,28.447,36.083
792,35.010,28.390,36.083
793,34.995,28.275,36.417
794,35.003,28.375,36.083
795,34.945,28.138,36.083
796,34.978,28.212,35.250
797,34.884,28.100,35.750
798,34.999,28.160,35.750
799,34.856,27.987,35.750
800,34.957,28.042,35.833
801,34.883,28.030,36.167
802,34.847,28.016,35.833
803,34.825,27.803,36.167
804,34.878,27.918,36.333
805,34.742,27.859,36.250
806,34.710,27.776,35.250
807,34.860,27.949,35.917
808,34.810,27.892,36.667
809,34.819,27.902,35.917
810,34.665,27.750,35.917
811,34.780,27.782,35.917
812,34.696,27.704,35.917
813,34.723,27.798,36.583
814,34.626,27.720,35.583
815,34.625,27.617,35.583
816,34.649,27.681,35.583
817,34.560,27.592,35.833
818,34.498,27.569,35.583
819,34.539,27.550,36.500
820,34.573,27.652,36.417
821,34.581,27.535,35.250
822,34.441,27.460,36.417
823,34.575,27.503,36.250
824,34.499,27.385,35.667
825,34.522,27.408,35.917
826,34.407,27.494,35.417
827,34.432,27.437,35.417
828,34.474,27.313,35.500
829,34.444,27.339,35.750
830,34.499,27.389,35.750
831,34.489,27.446,35.750
832,34.438,27.497,35.833
833,34.318,27.232,35.667
834,34.430,27.411,35.667
835,34.363,27.411,35.750
836,34.372,27.374,35.667
837,34.413,27.473,35.667
838,34.344,27.361,35.667
839,34.309,27.274,36.000
840,34.368,27.368,35.667
841,34.559,27.333,36.000
842,34.613,27.421,35.583
843,34.612,27.411,35.833
844,34.699,27.383,36.000
845,34.591,27.301,35.833
846,34.568,27.335,35.833
847,34.514,27.307,36.000
848,34.530,27.328,35.833
849,34.372,27.232,35.833
850,34.470,27.226,35.833
851,34.417,27.229,36.167
852,34.406,27.249,35.833
853,34.467,27.414,35.917
854,34.472,27.363,35.833
855,34.386,27.360,35.917
856,34.297,27.184,35.917
857,34.364,27.347,35.917
858,34.424,27.321,35.917
859,34.411,27.330,36.583
860,34.285,27.345,40.333
861,34.254,27.324,46.833
862,34.236,27.299,50.667
863,34.271,27.299,53.833
864,34.170,27.308,58.000
865,34.308,27.405,61.917
866,34.319,27.271,64.667
867,34.198,27.303,64.750
868,34.232,27.241,64.667
869,34.227,27.346,64.583
870,34.273,27.341,64.667
871,34.296,27.356,64.333
872,34.219,27.386,64.250
873,34.233,27.362,64.333
874,34.171,27.352,64.750
875,34.258,27.336,64.500
876,34.243,27.538,64.500
877,34.270,27.441,64.500
878,34.223,27.547,64.500
879,34.200,27.434,64.500
880,34.256,27.570,64.500
881,34.222,27.618,64.500
882,34.152,27.552,64.500
883,34.080,27.533,64.500
884,34.132,27.852,64.500
885,34.080,27.822,64.500
886,33.976,27.902,64.833
887,33.742,27.721,64.500
888,33.679,27.597,64.500
889,33.566,27.563,64.500
890,33.510,27.465,64.500
891,33.262,27.301,64.500
892,33.209,27.192,64.500
893,33.138,27.185,64.833
894,33.110,27.168,64.500
895,33.054,27.035,64.833
896,33.034,27.077,64.833
897,33.068,27.473,64.500
898,33.120,27.451,65.000
899,33.161,27.424,65.000
900,33.132,27.358,65.000
901,32.977,27.335,65.000
902,32.903,27.161,65.000
903,32.958,27.168,65.000
904,32.979,27.251,65.000
905,33.007,27.183,65.000
906,32.879,26.971,65.000
907,32.985,27.032,64.917
908,32.929,27.115,64.917
909,32.922,27.092,65.000
910,32.874,27.059,64.917
911,32.904,27.174,65.083
912,32.943,27.237,65.000
913,32.923,27.102,65.333
914,32.799,27.059,65.000
915,32.851,27.136,65.083
916,32.905,27.119,65.083
917,32.860,27.147,65.083
918,32.833,27.072,64.917
919,32.884,27.110,64.500
920,32.770,27.076,64.500
921,32.831,27.098,64.583
922,32.914,27.106,64.583
923,32.906,27.237,64.583
924,32.962,27.276,64.583
925,32.845,27.082,64.583
926,32.947,27.133,64.583
927,32.954,27.243,64.583
928,33.024,27.236,64.583
929,33.099,27.108,64.583
930,33.125,27.140,64.583
931,33.157,27.165,64.583
932,33.113,27.174,64.250
933,33.061,27.060,64.250
934,33.098,27.094,64.583
935,32.990,27.030,64.583
936,33.379,32.382,64.583
937,33.530,33.196,64.583
938,33.575,32.491,64.583
939,33.609,31.483,64.750
940,33.597,30.694,64.583
941,33.506,29.990,64.750
942,34.021,33.337,64.583
943,34.038,32.717,64.583
944,34.002,31.738,64.667
945,34.043,30.951,64.667
946,34.079,30.231,64.667
947,34.071,29.542,64.667
948,34.352,32.967,64.667
949,34.261,32.537,64.667
950,34.270,31.562,64.667
951,34.256,30.617,64.667
952,34.031,29.838,64.667
953,34.031,29.398,64.667
954,33.990,28.832,64.667
955,34.552,32.754,64.667
956,34.434,31.906,64.667
957,34.350,31.209,64.667
958,34.144,30.350,64.667
959,34.509,32.975,64.667
960,34.425,32.429,64.667
961,34.467,31.608,64.667
962,34.388,30.641,64.667
963,34.568,33.094,64.667
964,34.336,32.304,64.500
965,34.283,31.453,64.333
966,34.344,32.779,64.333
967,34.231,32.722,64.333
968,34.277,31.968,64.333
969,34.219,31.692,64.333
970,34.327,32.882,64.333
971,34.105,31.957,64.333
972,34.044,31.151,64.333
973,34.233,32.720,64.333
974,34.031,31.964,64.333
975,33.922,31.263,64.333
976,34.179,32.747,64.333
977,34.064,32.007,64.333
978,34.083,32.253,64.333
979,34.107,32.706,64.333
980,34.124,31.900,64.500
981,34.076,32.007,64.500
982,34.133,32.561,64.500
983,33.961,31.639,64.333
984,34.167,30.987,64.417
985,34.296,32.535,64.500
986,34.204,31.853,64.500
987,33.982,31.009,64.500
988,33.905,30.283,64.500
989,34.294,32.260,64.500
990,34.166,31.749,65.000
991,34.137,30.981,65.000
992,34.025,30.161,65.000
993,34.183,32.256,65.000
994,33.975,31.569,65.000
995,33.936,30.701,65.000
996,34.044,29.966,65.000
997,33.852,29.416,65.000
998,34.052,31.989,65.000
999,34.057,31.668,65.000
1000,34.013,31.920,64.500
1001,34.078,32.372,65.000
1002,34.138,32.818,63.833
1003,34.163,32.433,58.917
1004,34.202,33.067,55.083
1005,34.089,31.923,48.917
1006,34.221,32.833,47.583
1007,34.207,32.163,42.667
1008,34.019,31.136,37.833
1009,33.980,30.347,36.833
1010,34.015,32.181,36.500
1011,34.055,31.400,35.083
1012,33.886,30.580,35.250
1013,33.740,29.604,34.917
1014,33.991,31.894,34.917
1015,33.954,31.258,35.000
1016,33.941,30.321,35.000
1017,33.711,29.574,35.000
1018,33.723,29.056,35.000
1019,33.606,28.565,35.333
1020,33.508,27.935,35.000
1021,33.509,27.651,34.833
1022,33.406,27.325,35.167
1023,33.431,27.235,35.167
1024,33.547,27.064,35.167
1025,33.340,26.888,35.333
1026,33.632,26.905,35.333
1027,33.883,26.850,35.333
1028,34.267,26.951,35.000
1029,34.722,27.062,35.333
1030,34.918,27.102,35.333
1031,35.049,27.108,35.333
1032,35.244,27.137,35.333
1033,35.179,26.962,35.333
1034,35.261,27.093,35.333
1035,35.347,27.070,35.500
1036,35.340,26.906,35.583
1037,35.379,27.122,35.583
1038,35.483,27.083,35.583
1039,35.482,27.092,35.583
1040,35.375,27.015,35.583
1041,35.485,27.034,35.750
1042,35.522,27.124,35.750
1043,35.572,27.069,35.750
1044,35.599,27.029,35.583
1045,35.635,26.974,35.583
1046,35.712,27.055,35.583
1047,35.694,27.049,35.583
1048,35.637,27.024,35.833
1049,35.798,27.001,35.583
1050,35.751,26.972,35.583
1051,35.761,26.993,35.583
1052,35.688,27.018,35.583
1053,35.734,26.947,35.750
1054,35.731,27.084,35.583
1055,35.782,26.888,35.583
1056,35.739,26.951,35.417
1057,35.759,27.061,35.583
1058,35.658,26.988,35.583
1059,35.669,27.016,35.583
1060,35.786,27.036,35.667
1061,35.816,27.054,35.583
1062,35.727,27.102,35.583
1063,35.712,27.001,35.500
1064,35.699,27.133,35.333
1065,35.699,27.089,35.667
1066,35.694,27.147,35.583
1067,35.734,27.086,35.583
1068,35.650,27.072,35.667
1069,35.649,27.055,35.667
1070,35.585,27.136,35.667
1071,35.515,27.062,35.667
1072,35.610,27.172,35.667
1073,35.477,27.129,35.167
1074,35.499,27.277,35.667
1075,35.405,27.128,35.583
1076,35.498,27.214,35.583
1077,35.456,27.223,35.583
1078,35.413,27.273,35.583
1079,35.339,27.210,35.417
1080,35.367,27.246,35.917
1081,35.297,27.097,35.583
1082,35.281,27.204,35.333
1083,35.320,27.278,35.333
1084,35.293,27.214,35.333
1085,35.263,27.393,35.667
1086,35.098,27.281,35.667
1087,35.276,27.289,35.667
1088,35.278,27.360,36.000
1089,35.239,27.385,36.000
1090,35.190,27.404,36.000
1091,35.184,27.411,35.500
1092,35.206,27.332,35.667
1093,35.177,27.322,35.167
1094,35.059,27.375,35.167
1095,35.118,27.482,35.667
1096,35.384,27.783,35.500
1097,35.413,27.844,35.917
1098,35.343,27.808,36.000
1099,35.409,27.820,35.667
1100,35.338,27.798,35.667
1101,35.369,27.766,35.667
1102,35.144,27.649,35.667
1103,35.228,27.735,35.667
1104,35.166,27.624,36.000
1105,35.181,27.573,35.417
1106,35.223,27.533,35.417
1107,35.243,27.605,35.417
1108,35.201,27.579,35.417
1109,35.077,27.498,35.417
1110,35.177,27.527,35.417
1111,35.062,27.603,35.750
1112,35.138,27.471,36.250
1113,35.008,27.521,37.250
1114,35.078,27.372,41.667
1115,35.077,27.489,47.167
1116,35.005,27.418,51.250
1117,34.936,27.403,53.917
1118,35.026,27.424,59.083
1119,34.992,27.415,63.083
1120,34.977,27.335,63.917
1121,34.935,27.302,63.917
1122,34.909,27.422,63.917
1123,34.895,27.390,63.917
1124,34.889,27.395,64.250
1125,34.790,27.354,64.417
1126,34.845,27.331,64.833
1127,34.817,27.291,64.667
1128,34.714,27.228,64.583
1129,34.876,27.358,64.583
1130,34.772,27.400,64.583
1131,34.811,27.342,64.583
1132,34.774,27.289,64.583
1133,34.720,27.419,64.583
1134,34.735,27.381,64.583
1135,34.712,27.518,64.583
1136,34.630,27.405,64.583
1137,34.508,27.428,64.583
1138,34.334,27.421,64.583
1139,34.264,27.328,64.583
1140,34.027,27.228,64.583
1141,33.922,27.217,64.583
1142,34.151,27.356,64.583
1143,34.032,27.242,64.583
1144,33.767,27.193,64.583
1145,33.635,27.182,64.583
1146,33.415,27.132,64.583
1147,33.381,27.112,64.667
1148,33.212,27.002,64.583
1149,33.136,27.113,64.583
1150,32.970,27.044,64.583
1151,33.004,26.999,64.917
1152,32.954,27.138,64.917
1153,33.028,27.058,64.917
1154,32.909,27.140,64.917
1155,32.847,27.047,64.917
1156,32.957,27.081,64.917
1157,32.897,27.107,64.917
1158,32.868,27.227,64.917
1159,32.765,27.117,64.917
1160,32.770,27.131,64.917
1161,32.699,27.188,64.917
1162,32.702,27.270,64.917
1163,32.695,27.109,64.917
1164,32.732,27.180,64.917
1165,32.754,27.241,64.917
1166,32.694,27.122,64.917
1167,32.583,27.110,64.917
1168,32.696,27.073,64.917
1169,32.637,27.118,64.917
1170,32.612,27.086,64.833
1171,32.635,27.003,64.250
1172,32.645,27.069,64.417
1173,32.604,27.048,64.750
1174,32.649,27.046,64.667
1175,32.741,27.054,64.667
1176,32.694,27.137,64.333
1177,32.652,27.103,64.333
1178,32.672,27.029,64.333
1179,32.890,27.131,64.333
1180,32.937,27.205,64.333
1181,32.829,27.090,64.333
1182,32.776,27.007,64.333
1183,32.798,27.070,64.500
1184,32.771,26.914,64.500
1185,32.681,27.062,64.500
1186,32.647,26.914,64.500
1187,32.684,27.011,64.500
1188,32.738,26.914,64.500
1189,32.713,27.013,64.500
1190,32.618,26.865,64.500
1191,32.629,26.927,64.500
1192,32.752,26.872,64.500
1193,32.718,26.885,64.500
1194,32.679,26.878,64.500
1195,33.143,32.987,64.500
1196,33.159,32.366,64.500
1197,33.105,31.506,64.333
1198,33.270,30.917,64.333
1199,33.163,30.346,64.333
1200,33.620,33.234,64.333
1201,33.518,32.184,64.333
1202,33.654,31.393,64.333
1203,33.715,33.316,64.333
1204,33.927,33.014,64.333
1205,34.050,33.941,64.333
1206,34.071,33.374,64.333
1207,34.133,33.395,64.333
1208,34.152,33.540,64.333
1209,33.963,32.596,64.333
1210,34.180,31.631,64.667
1211,34.268,33.228,64.667
1212,34.269,32.632,64.667
1213,33.919,31.593,64.000
1214,34.059,31.181,64.333
1215,34.313,32.678,64.333
1216,34.251,32.295,64.333
1217,34.027,31.742,64.667
1218,34.147,32.702,64.000
1219,34.010,32.329,64.000
1220,33.995,31.822,64.333
1221,34.361,32.863,64.333
1222,34.234,32.454,64.000
1223,34.148,31.916,64.000
1224,34.201,32.770,64.000
1225,34.069,32.161,64.000
1226,34.095,32.379,64.333
1227,34.144,32.560,64.000
1228,33.974,31.998,64.333
1229,34.001,31.882,64.000
1230,34.146,32.328,64.333
1231,34.071,31.852,64.333
1232,33.868,31.451,64.333
1233,34.129,32.402,64.333
1234,33.996,31.873,64.333
1235,33.896,31.311,64.333
1236,33.848,30.852,64.333
1237,34.060,32.173,64.333
1238,33.950,31.655,64.667
1239,33.938,31.069,64.500
1240,33.702,30.526,64.000
1241,33.737,30.281,64.500
1242,33.959,31.952,64.583
1243,33.941,31.508,64.417
1244,34.003,30.964,64.417
1245,33.888,30.417,64.417
1246,33.756,29.855,64.417
1247,33.560,29.450,64.417
1248,33.905,31.018,64.417
1249,33.985,31.343,64.417
1250,33.854,30.723,64.417
1251,33.593,30.116,64.417
1252,33.550,29.594,64.417
1253,33.442,29.183,64.417
1254,33.548,28.829,64.417
1255,33.419,28.550,63.917
1256,33.304,28.320,61.083
1257,33.216,28.108,56.583
1258,33.168,27.917,51.417
1259,33.008,27.741,48.083
1260,33.091,27.609,44.167
1261,33.060,27.608,39.500
1262,33.047,27.395,36.000
1263,32.868,27.287,35.833
1264,32.888,27.145,35.833
1265,32.899,27.118,35.333
1266,32.879,27.001,35.167
1267,33.153,29.791,35.167
1268,33.278,30.859,35.833
1269,33.151,30.216,35.500
1270,33.034,29.516,36.167
1271,33.400,31.895,36.250
1272,33.369,31.314,36.167
1273,33.237,30.360,35.917
1274,33.056,29.669,35.917
1275,33.038,28.990,35.333
1276,32.942,28.496,35.667
1277,32.977,27.979,35.333
1278,32.836,27.633,34.917
1279,32.912,27.328,35.250
1280,32.895,27.018,35.417
1281,33.014,27.073,35.083
1282,33.348,27.001,35.333
1283,33.639,27.046,35.333
1284,34.310,31.547,35.167
1285,34.670,33.097,35.167
1286,34.656,32.880,35.167
1287,35.347,34.477,35.500
1288,35.686,34.778,35.000
1289,35.841,34.551,35.833
1290,36.032,34.027,35.833
1291,35.984,33.743,36.167
1292,36.073,33.263,35.000
1293,36.049,32.812,36.167
1294,36.219,32.259,36.167
1295,36.235,32.000,36.167
1296,36.277,31.670,36.167
1297,36.271,31.313,35.750
1298,36.353,30.941,35.917
1299,36.383,30.823,35.917
1300,36.472,30.423,36.250
1301,36.484,30.293,35.500
1302,36.574,30.108,36.083
1303,36.633,29.891,35.000
1304,36.595,29.671,35.250
1305,36.586,29.513,36.083
1306,36.643,29.406,35.917
1307,36.691,29.396,35.583
1308,36.692,29.165,35.917
1309,36.538,28.986,35.167
1310,36.635,28.921,35.583
1311,36.647,28.758,35.250
1312,36.602,28.646,35.750
1313,36.654,28.647,36.250
1314,36.651,28.626,36.250
1315,36.643,28.559,35.917
1316,36.619,28.398,36.250
1317,36.618,28.359,35.917
1318,36.558,28.285,35.917
1319,36.548,28.361,35.917
1320,36.474,28.202,35.833
1321,36.408,28.052,35.833
1322,36.460,28.098,35.917
1323,36.323,27.994,36.167
1324,36.301,28.016,36.000
1325,36.595,28.253,36.083
1326,36.593,28.197,36.167
1327,36.551,28.048,35.917
1328,36.430,27.990,35.833
1329,36.459,27.855,36.083
1330,36.428,27.869,35.917
1331,36.350,27.829,36.000
1332,36.278,27.619,35.917
1333,36.258,27.746,36.083
1334,36.098,27.569,35.500
1335,35.989,27.512,35.417
1336,36.053,27.598,35.417
1337,35.986,27.517,35.417
1338,36.049,27.457,35.417
1339,35.873,27.385,35.417
1340,35.870,27.456,35.417
1341,35.803,27.413,35.417
1342,35.866,27.431,35.417
1343,35.742,27.319,35.417
1344,35.719,27.288,35.417
1345,35.608,27.289,35.417
1346,35.671,27.353,35.417
1347,35.573,27.222,35.417
1348,35.553,27.223,36.083
1349,35.545,27.322,35.583
1350,35.515,27.277,36.250
1351,35.439,27.149,36.250
1352,35.349,27.199,35.750
1353,35.357,27.070,35.833
1354,35.421,27.246,36.000
1355,35.316,27.104,35.667
1356,35.359,27.134,35.750
1357,35.272,27.182,35.750
1358,35.266,27.151,36.583
1359,35.373,27.197,36.083
1360,35.408,27.235,36.417
1361,35.330,27.203,35.583
1362,35.482,27.208,35.750
1363,35.640,27.298,36.083
1364,35.638,27.280,36.083
1365,35.652,27.217,36.083
1366,35.792,27.676,36.083
1367,35.715,27.582,36.083
1368,35.760,27.604,35.833
1369,35.740,27.547,35.667
1370,35.615,27.368,35.667
1371,35.595,27.405,36.083
1372,35.502,27.301,35.917
1373,35.492,27.297,35.667
1374,35.338,27.242,36.083
1375,35.303,27.145,35.750
1376,35.330,27.184,35.667
1377,35.310,27.084,36.083
1378,35.069,26.983,35.667
1379,35.157,27.062,36.000
1380,35.114,27.047,36.250
1381,34.966,27.102,35.583
1382,35.088,27.059,35.583
1383,35.072,27.109,35.583
1384,35.102,26.980,35.750
1385,34.958,26.948,35.583
1386,35.052,27.098,36.000
1387,35.071,26.992,36.000
1388,35.029,27.033,35.583
1389,35.004,26.980,36.250
1390,34.987,27.013,35.917
1391,35.030,27.016,35.917
1392,35.002,26.930,35.833
1393,34.908,26.921,35.917
1394,35.007,27.020,36.000
1395,34.926,27.209,35.917
1396,34.972,27.062,35.917
1397,34.833,26.979,36.250
1398,34.873,27.059,36.250
1399,34.831,27.052,35.917
1400,34.914,27.042,35.917
1401,34.754,27.059,35.917
1402,34.812,27.093,35.917
1403,34.781,26.975,36.250
1404,34.733,27.098,34.667
1405,34.808,27.348,35.083
1406,34.860,27.259,35.417
1407,34.840,27.345,35.083
1408,34.842,27.701,35.333
1409,35.051,27.793,35.333
1410,35.109,27.810,35.333
1411,35.118,27.836,35.333
1412,35.039,27.665,35.667
1413,34.989,27.690,36.000
1414,34.940,27.634,35.500
1415,34.892,27.674,35.167
1416,34.784,27.508,35.167
1417,34.890,27.529,35.167
1418,34.865,27.520,35.333
1419,34.803,27.592,35.167
1420,34.708,27.399,34.833
1421,34.702,27.473,35.833
1422,34.674,27.391,35.500
1423,34.685,27.538,35.917
1424,34.612,27.362,36.083
1425,34.580,27.381,35.250
1426,34.609,27.395,35.167
1427,34.509,27.332,36.000
1428,34.586,27.510,36.000
1429,34.603,27.617,36.167
1430,34.572,27.433,35.833
1431,34.456,27.487,35.833
1432,34.586,27.464,35.833
1433,34.512,27.503,35.833
1434,34.516,27.567,36.167
1435,34.415,27.463,36.167
1436,34.470,27.507,36.417
1437,34.473,27.482,35.833
1438,34.463,27.645,36.167
1439,34.568,28.084,37.000
1440,34.755,28.164,40.167
1441,34.746,28.305,46.333
1442,34.624,28.164,50.667
1443,34.615,28.097,53.083
1444,34.571,28.058,58.083
1445,34.521,27.929,62.917
1446,34.525,27.890,64.417
1447,34.396,27.820,64.417
1448,34.358,27.868,65.250
1449,34.312,27.737,64.417
1450,34.341,27.779,64.250
1451,34.355,27.891,64.583
1452,34.383,27.808,64.583
1453,34.362,27.932,64.583
1454,34.237,27.745,64.583
1455,34.314,27.858,64.583
1456,34.263,27.836,64.583
1457,34.246,27.836,64.583
1458,34.205,27.774,64.583
1459,34.270,27.783,64.583
1460,34.217,27.789,64.583
1461,34.145,27.896,64.583
1462,34.110,27.798,64.583
1463,34.156,28.014,64.583
1464,34.089,27.927,64.583
1465,34.041,28.033,64.583
1466,33.891,27.985,64.583
1467,33.774,27.970,64.667
1468,33.600,27.936,64.583
1469,33.394,27.910,64.583
1470,33.313,27.848,64.583
1471,33.173,27.931,64.583
1472,33.020,27.822,64.583
1473,32.901,27.719,64.583
1474,32.816,27.947,64.583
1475,33.033,28.049,64.583
1476,32.924,27.990,64.583
1477,32.808,27.917,64.583
1478,32.749,27.965,64.583
1479,32.695,27.917,64.583
1480,32.612,27.889,64.583
1481,32.490,27.742,64.583
1482,32.459,27.825,64.583
1483,32.545,27.811,64.583
1484,32.467,27.806,64.583
1485,32.368,27.665,64.583
1486,32.396,27.738,64.583
1487,32.510,27.746,64.583
1488,32.411,27.755,64.583
1489,32.340,27.643,64.583
1490,32.350,27.618,64.583
1491,32.378,27.588,64.583
1492,32.263,27.562,65.083
1493,32.333,27.571,64.583
1494,32.310,27.590,64.583
1495,32.270,27.498,64.583
1496,32.317,27.565,64.333
1497,32.419,27.625,64.333
1498,32.388,27.564,64.333
1499,32.446,27.661,64.333
1500,32.309,27.559,64.333
1501,32.459,27.600,64.333
1502,32.390,27.635,64.333
1503,32.472,27.549,64.333
1504,32.400,27.633,64.333
1505,32.366,27.657,64.333
1506,32.438,27.579,64.333
1507,32.360,27.507,64.333
1508,32.319,27.542,64.333
1509,32.450,27.556,64.333
1510,32.548,27.597,64.333
1511,32.600,27.634,64.667
1512,32.536,27.589,64.333
1513,32.549,27.678,64.333
1514,32.547,27.651,64.333
1515,32.507,27.572,64.333
1516,32.412,27.490,64.333
1517,32.446,27.509,64.333
1518,32.586,31.974,64.667
1519,32.903,33.235,64.583
1520,32.877,32.573,64.583
1521,32.952,31.676,64.583
1522,32.897,30.926,64.583
1523,32.886,31.329,64.583
1524,33.329,33.629,64.583
1525,33.330,32.715,64.583
1526,33.370,32.225,64.583
1527,33.472,34.035,64.583
1528,33.525,33.039,64.583
1529,33.495,32.207,64.583
1530,33.610,33.926,64.583
1531,33.536,33.172,64.583
1532,33.520,32.288,64.667
1533,33.613,31.553,64.583
1534,33.589,30.812,64.583
1535,33.404,29.993,64.667
1536,33.287,29.488,64.667
1537,33.364,29.018,64.833
1538,33.724,32.945,64.833
1539,33.586,32.641,64.333
1540,33.476,31.828,64.583
1541,33.660,33.380,64.583
1542,33.620,33.089,64.750
1543,33.729,32.309,64.750
1544,33.702,32.382,64.750
1545,33.843,33.333,64.750
1546,33.495,32.345,64.750
1547,33.572,31.625,64.417
1548,33.729,33.233,64.417
1549,33.572,32.382,64.417
1550,33.470,31.562,63.917
1551,33.674,33.280,64.583
1552,33.560,32.482,64.250
1553,33.481,31.524,64.250
1554,33.535,33.099,64.583
1555,33.592,32.598,64.583
1556,33.501,31.620,64.583
1557,33.712,33.177,64.583
1558,33.511,32.559,64.250
1559,33.381,31.632,64.750
1560,33.537,32.388,64.583
1561,33.641,32.730,64.250
1562,33.415,31.832,64.250
1563,33.338,30.886,64.583
1564,33.242,30.120,64.250
1565,33.456,32.627,65.083
1566,33.620,32.089,65.083
1567,33.492,31.215,65.083
1568,33.355,30.323,65.083
1569,33.378,31.642,64.750
1570,33.581,32.253,65.083
1571,33.455,31.315,65.083
1572,33.348,30.654,65.083
1573,33.151,29.810,65.083
1574,33.033,29.140,65.083
1575,33.237,28.767,65.083
1576,33.057,28.222,65.083
1577,33.341,32.145,65.083
1578,33.404,31.650,64.917
1579,33.104,30.648,63.750
1580,33.378,32.138,64.917
1581,33.273,32.303,64.417
1582,33.130,31.211,62.417
1583,32.999,30.439,56.917
1584,32.850,29.587,51.167
1585,32.739,28.942,48.417
1586,32.699,28.470,44.750
1587,32.586,28.174,40.250
1588,32.512,27.737,36.083
1589,32.600,27.697,35.417
1590,32.572,27.493,36.250
1591,32.559,27.239,35.250
1592,32.419,27.222,35.583
1593,32.511,27.218,35.750
1594,32.571,27.123,35.750
1595,32.491,27.108,35.750
1596,32.395,26.882,35.500
1597,32.377,26.983,35.583
1598,32.382,26.998,35.583
1599,32.422,27.013,35.583
1600,32.364,26.929,35.583
1601,32.421,26.892,35.667
1602,32.337,26.924,35.333
1603,32.514,27.055,35.167
1604,32.435,26.976,35.417
1605,32.618,26.975,35.417
1606,32.597,27.019,35.083
1607,32.608,26.966,35.583
1608,32.519,26.878,35.750
1609,32.918,27.016,35.417
1610,33.321,27.222,35.417
1611,33.517,27.309,35.583
1612,33.777,27.467,35.583
1613,33.788,27.464,35.583
1614,33.815,27.440,35.583
1615,33.841,27.372,35.583
1616,33.915,27.507,35.250
1617,33.909,27.446,35.583
1618,33.818,27.383,35.583
1619,33.808,27.381,35.583
1620,33.827,27.407,35.583
1621,33.825,27.434,35.833
1622,33.904,27.464,35.583
1623,33.847,27.401,35.583
1624,33.903,27.506,35.833
1625,33.913,27.461,35.833
1626,33.908,27.501,35.833
1627,33.781,27.354,35.500
1628,33.877,27.409,35.750
1629,33.866,27.332,35.667
1630,33.771,27.336,35.833
1631,33.734,27.226,35.583
1632,33.831,27.368,35.083
1633,33.725,27.247,35.667
1634,33.719,27.304,35.667
1635,33.903,27.507,35.667
1636,33.843,27.424,35.667
1637,33.852,27.469,35.667
1638,33.777,27.427,35.333
1639,33.850,27.525,35.500
1640,33.843,27.422,35.500
1641,33.773,27.454,35.333
1642,33.800,27.507,35.333
1643,33.755,27.444,35.250
1644,33.714,27.471,35.583
1645,33.771,27.496,35.333
1646,33.653,27.478,35.250
1647,33.804,27.507,35.583
1648,33.757,27.591,35.583
1649,33.787,27.568,35.250
1650,33.735,27.524,34.917
1651,33.760,27.500,35.083
1652,33.763,27.630,35.500
1653,33.732,27.568,36.000
1654,33.762,27.560,35.417
1655,33.743,27.563,35.750
1656,33.667,27.531,35.583
1657,33.725,27.531,36.917
1658,33.767,27.653,35.583
1659,33.785,27.696,36.417
1660,33.834,27.686,35.917
1661,33.705,27.599,36.000
1662,33.787,27.679,36.000
1663,33.771,27.705,36.000
1664,33.789,27.816,35.083
1665,33.709,27.667,36.333
1666,33.753,27.788,36.750
1667,33.643,27.736,37.167
1668,33.792,27.982,36.750
1669,33.968,28.090,36.750
1670,34.132,28.263,37.250
1671,34.425,28.363,37.667
1672,34.422,28.242,37.083
1673,34.348,28.236,36.917
1674,34.295,28.119,36.000
1675,34.257,28.107,36.000
1676,34.213,28.112,35.333
1677,34.145,27.935,35.333
1678,34.202,28.027,35.333
1679,34.025,27.825,35.333
1680,33.937,27.756,35.583
1681,33.960,27.829,35.750
1682,34.044,27.882,35.750
1683,33.993,27.853,35.583
1684,33.867,27.636,35.583
1685,34.033,27.739,35.583
1686,34.001,27.757,35.417
1687,33.913,27.785,35.500
1688,33.935,27.710,35.500
1689,33.842,27.825,35.500
1690,33.862,27.695,35.500
1691,33.829,27.770,35.667
1692,33.806,27.658,35.583
1693,33.881,27.723,37.583
1694,33.845,27.697,42.333
1695,33.812,27.688,47.833
1696,33.738,27.678,51.167
1697,33.716,27.712,53.500
1698,33.760,27.632,59.083
1699,33.807,27.708,63.333
1700,33.674,27.648,63.833
1701,33.825,27.677,64.083
1702,33.784,27.764,63.917
1703,33.779,27.669,64.500
1704,33.859,27.719,64.500
1705,33.826,27.718,64.500
1706,33.879,27.769,64.500
1707,33.864,27.663,64.500
1708,33.825,27.782,64.500
1709,33.849,27.811,64.500
1710,33.885,27.760,64.500
1711,33.775,27.611,64.500
1712,33.855,27.810,64.500
1713,33.884,27.671,64.500
1714,33.869,27.690,64.500
1715,33.733,27.719,64.500
1716,33.841,27.801,64.500
1717,33.860,27.879,64.500
1718,33.798,27.914,64.500
1719,33.637,27.770,64.500
1720,33.702,27.814,64.500
1721,33.517,27.750,64.500
1722,33.577,27.831,64.500
1723,33.502,27.750,64.500
1724,33.360,27.620,64.500
1725,33.130,27.565,64.833
1726,32.916,27.592,64.583
1727,33.000,27.615,64.583
1728,32.991,27.568,64.583
1729,32.823,27.535,64.583
1730,32.817,27.152,64.583
1731,32.950,27.501,64.583
1732,32.734,27.400,64.583
1733,32.791,27.338,64.583
1734,32.597,27.277,64.583
1735,32.640,27.331,64.583
1736,32.568,27.256,64.583
1737,32.553,27.349,64.583
1738,32.489,27.203,64.583
1739,32.531,27.345,64.583
1740,32.517,27.352,64.583
1741,32.546,27.352,64.583
1742,32.404,27.228,64.583
1743,32.497,27.203,64.583
1744,32.474,27.293,64.583
1745,32.465,27.291,64.250
1746,32.418,27.231,63.917
1747,32.506,27.271,64.583
1748,32.441,27.295,64.583
1749,32.487,27.121,64.417
1750,32.521,27.309,64.417
1751,32.467,27.173,64.417
1752,32.403,27.306,64.417
1753,32.360,27.154,64.417
1754,32.400,27.250,64.417
1755,32.497,27.202,64.417
1756,32.567,27.256,64.417
1757,32.468,27.279,64.417
1758,32.563,27.336,64.417
1759,32.525,27.318,64.417
1760,32.538,27.338,64.417
1761,32.509,27.155,64.417
1762,32.682,27.292,64.417
1763,32.696,27.305,64.250
1764,32.656,27.351,64.000
1765,32.573,27.224,64.417
1766,32.558,27.228,64.583
1767,32.552,27.250,64.583
1768,32.581,27.086,64.583
1769,32.543,27.158,64.583
1770,32.728,27.267,64.333
1771,32.622,27.149,64.500
1772,32.601,27.215,64.250
1773,32.616,27.148,64.250
1774,32.680,27.260,64.250
1775,32.580,27.161,64.250
1776,32.863,32.698,64.250
1777,33.041,32.909,64.250
1778,33.014,32.082,64.250
1779,33.316,33.956,64.250
1780,33.256,33.573,64.250
1781,33.256,32.575,64.250
1782,33.403,32.746,64.250
1783,33.508,33.741,64.250
1784,33.469,32.842,64.250
1785,33.732,34.080,64.250
1786,33.595,33.256,63.750
1787,33.758,33.621,63.750
1788,33.641,33.672,63.917
1789,33.635,32.891,63.500
1790,33.834,34.057,64.250
1791,33.664,33.082,64.250
1792,33.734,34.121,64.250
1793,33.751,33.577,64.250
1794,33.931,33.993,64.167
1795,33.880,33.716,63.667
1796,33.902,32.900,64.000
1797,33.960,33.961,64.000
1798,33.882,33.463,64.000
1799,33.787,32.370,64.000
1800,33.969,33.640,64.000
1801,33.787,32.902,64.000
1802,33.650,31.977,64.000
1803,33.818,33.064,63.667
1804,33.880,33.117,64.000
1805,33.812,32.289,64.000
1806,33.596,31.368,63.667
1807,33.646,32.324,64.000
1808,33.759,32.974,64.167
1809,33.709,32.244,63.833
1810,33.530,31.306,64.167
1811,33.949,33.197,64.167
1812,33.797,32.530,63.833
1813,33.690,31.636,63.833
1814,33.735,33.177,64.167
1815,33.550,32.353,64.500
1816,33.542,31.683,64.250
1817,33.696,33.207,64.167
1818,33.426,32.264,64.500
1819,33.465,31.610,64.500
1820,33.710,32.986,64.500
1821,33.574,32.243,64.500
1822,33.449,31.449,64.500
1823,33.513,31.372,64.500
1824,33.581,32.740,64.500
1825,33.570,31.913,64.500
1826,33.465,31.337,64.500
1827,33.286,30.518,64.500
1828,33.285,29.943,64.500
1829,33.119,29.579,64.500
1830,33.206,29.886,64.500
1831,33.428,32.087,64.500
1832,33.408,31.477,64.167
1833,33.206,30.679,64.500
1834,33.089,29.930,64.167
1835,33.016,29.456,63.833
1836,33.006,28.996,60.500
1837,32.930,28.655,56.167
1838,33.060,28.650,51.000
1839,33.345,32.002,48.333
1840,33.200,31.294,44.500
1841,33.087,30.484,39.000
1842,33.004,29.775,36.500
1843,33.109,29.374,36.167
1844,32.974,28.863,34.833
1845,32.815,28.379,35.667
1846,32.829,28.105,35.250
1847,32.822,28.028,34.917
1848,32.911,27.882,35.250
1849,32.791,27.547,35.000
1850,32.800,27.467,35.167
1851,32.698,27.451,34.500
1852,32.663,27.299,35.500
1853,32.573,27.170,35.000
1854,32.562,27.223,35.250
1855,32.533,27.164,35.083
1856,32.603,27.081,35.333
1857,32.445,26.984,34.667
1858,32.486,26.944,35.250
1859,32.497,26.905,35.333
1860,32.478,26.849,35.250
1861,32.417,26.760,35.333
1862,32.468,26.755,35.083
1863,32.533,26.779,34.583
1864,32.785,26.770,35.000
1865,33.196,26.955,35.000
1866,33.285,27.163,35.000
1867,33.459,27.125,35.000
1868,33.565,27.015,35.000
1869,33.730,27.204,35.167
1870,33.808,27.143,35.083
1871,33.754,27.172,35.083
1872,33.837,27.180,35.083
1873,33.902,27.114,35.000
1874,33.842,27.133,35.083
1875,33.933,27.204,35.083
1876,33.931,27.153,35.333
1877,34.000,27.172,35.000
1878,33.957,27.140,35.083
1879,34.013,27.192,35.000
1880,33.841,27.122,35.083
1881,34.157,27.276,35.417
1882,34.245,27.258,34.917
1883,34.283,27.191,35.917
1884,34.256,27.273,34.917
1885,34.357,27.254,35.417
1886,34.261,27.169,35.667
1887,34.220,27.165,35.250
1888,34.317,27.252,35.250
1889,34.247,27.270,35.250
1890,34.302,27.257,35.250
1891,34.219,27.212,34.917
1892,34.339,27.285,35.250
1893,34.289,27.286,35.250
1894,34.290,27.230,35.250
1895,34.224,27.261,35.250
1896,34.255,27.275,35.500
1897,34.227,27.269,35.417
1898,34.212,27.205,35.250
1899,34.139,27.232,35.583
1900,34.268,27.417,35.250
1901,34.190,27.490,35.667
1902,34.192,27.445,35.083
1903,34.172,27.360,35.250
1904,34.155,27.421,35.167
1905,34.129,27.487,35.167
1906,34.145,27.490,35.500
1907,34.079,27.461,35.917
1908,34.136,27.576,35.500
1909,34.042,27.543,35.583
1910,34.091,27.513,35.417
1911,34.144,27.708,35.417
1912,34.100,27.704,35.417
1913,34.092,27.734,35.417
1914,34.058,27.823,35.417
1915,34.254,28.075,35.417
1916,34.390,28.043,35.417
1917,34.349,28.093,35.417
1918,34.340,28.060,35.417
1919,34.269,28.021,35.583
1920,34.354,27.950,35.417
1921,34.250,27.907,35.500
1922,34.221,27.904,35.500
1923,34.225,27.924,35.500
1924,34.303,27.801,35.417
1925,34.278,27.791,35.833
1926,34.123,27.766,35.750
1927,34.165,27.671,35.417
1928,34.081,27.635,35.500
1929,34.023,27.647,35.750
1930,33.988,27.600,35.583
1931,34.081,27.563,35.667
1932,34.044,27.565,35.667
1933,34.020,27.472,35.500
1934,34.037,27.605,35.500
1935,34.109,27.484,35.500
1936,34.024,27.515,35.500
1937,34.001,27.568,35.500
1938,34.259,27.707,35.500
1939,34.371,27.649,35.500
1940,34.410,27.638,35.500
1941,34.315,27.618,35.500
1942,34.292,27.560,36.000
1943,34.263,27.543,35.833
1944,34.225,27.631,35.833
1945,34.154,27.536,35.833
1946,34.151,27.591,35.500
1947,34.164,27.690,35.500
1948,34.047,27.589,35.500
1949,34.125,27.445,35.833
1950,34.015,27.434,35.500
1951,33.948,27.445,35.833
1952,33.962,27.493,35.167
1953,33.934,27.445,36.000
1954,33.854,27.441,36.083
1955,33.919,27.472,35.917
1956,33.943,27.420,36.083
1957,33.957,27.496,36.083
1958,34.023,27.514,36.083
1959,33.936,27.504,36.083
1960,33.916,27.530,36.167
1961,34.011,27.511,35.667
1962,33.966,27.562,36.167
1963,33.935,27.523,36.000
1964,33.938,27.524,35.667
1965,33.939,27.492,36.000
1966,33.836,27.547,35.667
1967,33.848,27.416,36.000
1968,33.820,27.424,35.667
1969,33.858,27.485,36.000
1970,33.926,27.552,35.667
1971,33.877,27.586,35.833
1972,33.833,27.511,35.833
1973,33.823,27.447,35.833
1974,33.872,27.642,36.250
1975,33.806,27.490,36.250
1976,33.891,27.471,35.917
1977,33.878,27.510,35.833
1978,33.855,27.479,35.667
1979,33.853,27.508,35.583
1980,33.952,27.658,35.583
1981,33.901,27.610,35.750
1982,33.821,27.556,35.250
1983,33.815,27.502,37.417
1984,33.933,27.614,43.417
1985,33.857,27.581,47.583
1986,33.921,27.606,51.417
1987,33.878,27.515,54.583
1988,33.819,27.591,59.750
1989,33.823,27.578,64.083
1990,33.911,27.595,64.083
1991,33.824,27.559,64.083
1992,33.923,27.648,64.250
1993,33.906,27.606,64.250
1994,33.865,27.678,64.250
1995,33.837,27.581,64.250
1996,33.870,27.580,64.250
1997,33.831,27.625,64.250
1998,33.834,27.628,64.250
1999,33.872,27.516,64.250
2000,33.928,27.730,64.750
2001,33.861,27.744,64.833
2002,33.791,27.595,64.417
2003,33.931,27.659,64.417
2004,33.877,27.681,64.417
2005,34.017,27.687,64.417
2006,33.850,27.543,64.417
2007,33.883,27.678,64.417
2008,33.866,27.786,64.417
2009,33.845,27.767,64.417
2010,33.771,27.710,64.417
2011,33.710,27.838,64.417
2012,33.600,27.774,64.417
2013,33.498,27.706,64.417
2014,33.302,27.633,64.417
2015,33.138,27.524,64.417
2016,32.986,27.431,64.417
2017,32.880,27.514,64.417
2018,32.964,27.506,64.417
2019,33.088,27.536,64.417
2020,32.934,27.469,64.417
2021,32.845,27.473,64.417
2022,32.748,27.314,64.417
2023,32.748,27.388,65.250
2024,32.709,27.356,64.250
2025,32.679,27.272,64.667
2026,32.764,27.383,64.667
2027,32.752,27.428,64.667
2028,32.767,27.427,64.667
2029,32.621,27.275,64.667
2030,32.658,27.355,64.667
2031,32.654,27.346,64.667
2032,32.651,27.393,64.667
2033,32.564,27.290,64.667
2034,32.594,27.355,64.667
2035,32.687,27.260,64.667
2036,32.569,27.242,64.667
2037,32.521,27.222,64.667
2038,32.583,27.213,64.667
2039,32.731,27.342,64.667
2040,32.632,27.339,64.667
2041,32.565,27.131,64.667
2042,32.602,27.186,64.667
2043,32.586,27.168,64.667
2044,32.601,27.226,64.667
2045,32.484,27.179,64.333
2046,32.610,27.286,64.417
2047,32.507,27.135,64.167
2048,32.501,27.166,64.000
2049,32.649,27.197,64.000
2050,32.542,27.256,64.000
2051,32.650,27.194,64.000
2052,32.659,27.164,64.000
2053,32.704,27.213,64.000
2054,32.642,27.180,64.000
2055,32.609,27.228,64.000
2056,32.653,27.140,64.000
2057,32.569,27.156,64.000
2058,32.612,27.219,64.000
2059,32.707,27.213,64.000
2060,32.602,27.066,64.000
2061,32.789,27.196,64.417
2062,32.789,27.179,64.417
2063,33.131,32.917,64.417
2064,33.127,32.519,64.417
2065,32.996,31.709,64.417
2066,32.950,30.877,64.417
2067,32.931,30.108,64.417
2068,32.938,29.595,64.417
2069,32.892,29.140,64.250
2070,32.821,28.531,64.583
2071,33.125,32.294,64.083
2072,33.271,32.589,64.083
2073,33.153,31.688,64.083
2074,33.215,30.991,64.083
2075,33.080,29.967,64.083
2076,33.075,29.484,64.083
2077,33.440,32.669,64.083
2078,33.365,32.362,64.083
2079,33.264,31.440,64.083
2080,33.147,30.658,64.083
2081,33.101,29.987,64.083
2082,33.282,29.406,64.083
2083,33.540,32.870,64.083
2084,33.430,32.127,64.083
2085,33.406,31.162,64.083
2086,33.132,30.425,64.083
2087,33.006,29.684,63.750
2088,33.155,30.066,64.250
2089,33.528,32.677,64.250
2090,33.398,31.840,64.250
2091,33.144,30.848,64.250
2092,33.075,30.267,64.250
2093,33.337,32.904,63.917
2094,33.139,31.793,63.917
2095,33.093,31.289,63.917
2096,33.182,31.291,63.917
2097,33.283,32.700,63.917
2098,33.093,32.046,63.917
2099,33.140,31.179,63.917
2100,33.265,32.331,63.917
2101,33.300,32.668,63.917
2102,33.104,31.946,63.917
2103,32.990,31.054,64.000
2104,33.175,32.228,64.083
2105,33.264,32.648,63.917
2106,32.991,31.843,63.917
2107,32.976,30.865,64.000
2108,32.966,30.469,64.000
2109,33.133,32.585,63.917
2110,32.993,31.692,64.583
2111,32.967,31.024,63.917
2112,32.991,30.259,63.917
2113,33.387,32.629,63.917
2114,33.289,31.968,63.917
2115,33.108,30.961,63.917
2116,33.018,30.131,63.917
2117,33.408,32.711,63.917
2118,33.394,32.140,63.917
2119,33.151,31.207,63.917
2120,33.351,32.555,63.917
2121,33.298,32.591,63.917
2122,33.091,31.558,63.917
2123,33.317,31.506,63.917
2124,33.457,32.655,63.917
2125,33.274,31.873,63.583
2126,33.422,33.114,60.750
2127,33.350,32.378,56.250
2128,33.445,33.176,50.083
2129,33.333,32.500,47.750
2130,33.404,33.145,43.583
2131,33.336,32.649,38.250
2132,33.267,31.854,38.500
2133,33.365,33.047,41.500
2134,33.274,32.110,48.417
2135,33.193,31.232,55.417
2136,33.441,32.608,63.500
2137,33.369,32.297,67.333
2138,33.333,31.599,72.417
2139,33.117,30.716,77.250
2140,33.529,32.514,83.500
2141,33.441,32.195,87.000
2142,33.422,31.329,93.917
2143,33.589,32.798,99.250
2144,33.594,33.336,99.667
2145,33.792,33.504,98.750
2146,33.775,33.126,99.167
2147,33.810,33.244,98.417
2148,33.757,32.923,92.000
2149,33.583,31.790,83.583
2150,33.590,31.119,75.667
2151,33.526,30.364,65.917
2152,33.552,29.815,54.000
2153,33.930,32.206,44.917
2154,33.834,31.551,40.167
2155,34.180,31.298,36.167
2156,34.911,33.563,34.583
2157,35.958,34.760,34.750
2158,36.556,35.054,34.917
2159,36.979,34.840,34.500
2160,37.564,35.736,34.500
2161,38.149,35.748,34.917
2162,38.378,35.171,34.583
2163,38.672,34.803,34.833
2164,38.958,34.447,34.833
2165,39.116,34.006,35.167
2166,39.523,35.470,34.917
2167,39.714,35.612,35.167
2168,39.802,35.421,35.250
2169,39.744,35.004,35.250
2170,39.790,34.598,35.167
2171,39.629,34.112,35.833
2172,39.621,33.618,35.250
2173,39.480,33.303,35.000
2174,39.406,33.003,34.833
2175,39.305,32.640,35.417
2176,39.300,32.392,35.083
2177,39.165,32.204,35.500
2178,39.186,31.869,35.750
2179,38.962,31.632,35.667
2180,38.826,31.372,35.750
2181,38.809,31.233,35.833
2182,38.650,31.009,35.833
2183,38.530,30.776,35.250
2184,38.427,30.686,35.417
2185,38.268,30.395,35.250
2186,38.126,30.296,35.333
2187,38.166,30.195,35.333
