 ,Mean(CBpeduncle),Mean(RP1column),Mean(stimu)
1,26.084,41.232,48.458
2,25.294,40.773,48.750
3,25.226,40.993,48.250
4,25.285,41.561,48.708
5,25.244,41.276,49.167
6,25.281,41.380,48.667
7,25.140,41.441,48.708
8,25.170,41.637,48.792
9,25.002,41.485,48.750
10,25.151,41.500,48.958
11,24.936,41.490,48.208
12,24.786,41.537,48.667
13,24.617,41.515,48.333
14,24.586,41.222,48.292
15,24.572,41.341,49.333
16,24.251,41.261,53.625
17,24.033,41.110,58.375
18,23.979,41.068,63.708
19,23.984,41.266,69.792
20,23.938,41.190,76.833
21,23.652,40.893,81.792
22,23.848,41.190,83.833
23,23.874,41.215,83.708
24,23.599,41.185,84.583
25,23.631,41.310,85.042
26,23.570,41.068,83.917
27,23.569,41.171,82.333
28,29.102,41.493,80.458
29,32.019,41.663,77.667
30,33.698,41.427,72.042
31,34.860,40.934,69.000
32,35.272,40.766,69.625
33,35.901,40.568,72.083
34,36.140,40.715,72.542
35,36.198,40.856,70.250
36,35.796,40.727,68.000
37,35.697,40.849,66.833
38,35.735,40.549,69.125
39,35.353,40.359,71.542
40,35.102,40.305,71.167
41,35.050,40.466,67.875
42,34.585,40.095,65.833
43,34.398,39.846,65.083
44,34.294,39.778,65.292
45,33.987,39.861,65.417
46,33.927,39.871,65.625
47,33.729,39.790,65.417
48,33.739,39.371,64.250
49,33.514,39.398,64.042
50,33.390,39.385,63.750
51,33.289,39.146,62.833
52,33.094,39.005,60.750
53,33.117,39.385,57.250
54,32.792,39.200,54.417
55,32.875,39.051,52.542
56,33.190,39.563,51.917
57,33.153,39.424,51.792
58,32.941,39.659,51.792
59,32.694,39.537,50.750
60,32.710,39.727,49.583
61,32.496,39.598,49.292
62,32.231,39.768,48.625
63,31.991,39.410,48.708
64,31.889,39.546,48.792
65,31.594,39.583,48.583
66,31.479,39.749,48.708
67,31.452,39.673,48.500
68,31.280,39.754,48.708
69,30.984,39.666,48.708
70,30.879,39.649,48.708
71,30.879,39.907,48.917
72,30.729,39.463,48.875
73,30.545,39.524,48.833
74,30.427,39.846,48.833
75,30.409,39.739,48.750
76,30.086,39.895,48.917
77,29.997,39.580,48.875
78,29.837,40.102,48.750
79,29.962,40.017,48.708
80,30.274,40.307,48.542
81,30.253,40.249,48.750
82,30.147,40.078,48.750
83,29.882,40.195,48.833
84,29.686,40.427,48.833
85,29.585,40.246,48.708
86,29.366,40.210,49.250
87,29.206,40.210,48.625
88,28.882,40.371,48.583
89,28.851,40.376,48.833
90,28.759,40.417,48.667
91,28.814,40.280,48.750
92,28.465,40.383,48.792
93,28.264,40.368,48.833
94,27.989,40.515,48.708
95,28.059,40.273,48.833
96,27.962,40.578,48.917
97,27.669,40.617,48.542
98,27.657,40.490,48.792
99,27.446,40.683,48.792
100,27.240,40.720,48.792
101,27.090,40.800,48.333
102,27.104,40.849,48.583
103,26.710,40.685,48.583
104,26.687,40.861,49.000
105,26.407,40.688,48.417
106,26.286,40.883,48.958
107,26.233,40.956,48.833
108,26.642,41.120,48.542
109,26.610,41.337,48.750
110,26.514,41.454,48.875
111,26.258,41.393,48.958
112,26.035,41.254,48.583
113,25.802,41.637,48.667
114,25.608,41.505,48.583
115,25.564,41.395,48.667
116,25.332,41.422,48.417
117,25.338,41.363,48.417
118,25.037,41.202,48.417
119,25.063,41.383,48.625
120,24.706,41.473,48.417
121,24.877,41.134,48.625
122,24.620,41.232,48.625
123,24.436,41.454,48.625
124,24.280,41.207,48.583
125,24.154,41.288,48.667
126,24.274,41.332,48.333
127,24.300,41.446,48.375
128,23.745,41.478,48.458
129,23.562,41.341,48.708
130,23.701,41.539,48.667
131,23.558,41.571,48.542
132,23.519,41.473,49.125
133,23.547,41.673,48.667
134,23.333,41.534,48.667
135,23.198,41.505,49.000
136,23.143,41.595,48.708
137,22.930,41.466,48.625
138,22.849,41.405,48.625
139,22.996,41.590,48.500
140,22.869,41.573,48.750
141,23.062,41.505,48.875
142,23.189,41.834,48.375
143,23.177,41.793,48.875
144,23.083,41.917,48.792
145,23.175,42.005,48.750
146,23.004,41.949,48.792
147,22.752,41.876,48.375
148,22.633,41.934,48.542
149,22.778,41.707,48.625
150,22.499,41.715,48.625
151,22.182,41.920,48.417
152,22.542,41.744,48.542
153,22.371,41.873,48.708
154,22.376,41.732,48.792
155,22.066,41.610,48.708
156,22.195,41.773,49.042
157,22.027,41.595,48.667
158,21.921,41.920,48.625
159,21.853,41.749,48.375
160,21.841,41.610,48.292
161,21.701,41.666,48.833
162,21.648,41.734,48.583
163,21.838,41.705,49.042
164,21.692,41.510,48.792
165,21.739,41.729,48.792
166,21.645,41.656,48.792
167,21.639,41.844,48.667
168,21.880,41.593,48.667
169,21.652,41.600,48.667
170,21.589,41.610,48.625
171,21.515,41.654,48.583
172,21.507,41.966,48.708
173,21.634,41.659,48.583
174,21.439,41.646,48.708
175,21.740,41.632,48.625
176,21.414,41.890,48.583
177,21.401,41.715,48.667
178,21.300,41.507,48.625
179,21.298,41.754,49.000
180,21.391,41.451,48.625
181,21.434,41.515,48.875
182,21.431,41.493,48.958
183,21.420,41.688,48.417
184,21.599,41.773,49.000
185,21.440,41.778,48.583
186,21.502,41.566,48.583
187,21.612,41.327,48.583
188,21.714,41.946,48.833
189,21.410,41.639,48.833
190,21.481,41.600,48.708
191,21.570,41.476,48.958
192,21.535,41.502,48.875
193,21.225,41.505,48.500
194,21.381,41.566,48.542
195,21.274,41.471,48.875
196,21.358,41.680,48.583
197,21.413,41.273,48.458
198,21.306,41.561,48.417
199,21.417,41.761,48.458
200,21.360,41.439,48.833
201,21.300,41.861,48.458
202,21.225,41.524,49.000
203,21.356,41.561,48.417
204,21.102,41.588,48.542
205,21.204,41.361,48.833
206,21.177,41.483,48.708
207,21.002,41.293,48.625
208,20.878,41.420,48.958
209,20.915,41.395,48.958
210,21.137,41.637,48.958
211,21.045,41.510,49.167
212,20.906,41.563,48.958
213,21.000,41.607,48.958
214,20.978,41.707,48.958
215,21.057,41.639,49.042
216,20.812,41.573,48.958
217,21.072,41.834,48.958
218,21.195,41.790,48.667
219,21.574,41.810,48.958
220,21.355,41.634,48.833
221,21.379,41.583,48.875
222,21.142,41.810,48.792
223,21.266,41.593,49.167
224,20.907,41.739,49.208
225,21.048,41.634,48.875
226,20.924,41.846,48.792
227,20.910,41.698,48.833
228,20.766,41.724,48.917
229,20.875,41.556,48.750
230,20.926,41.641,48.792
231,20.672,41.668,48.792
232,20.795,41.502,48.833
233,20.934,41.702,48.833
234,20.735,41.466,48.917
235,20.597,41.600,48.542
236,20.942,41.451,48.792
237,20.711,41.446,48.792
238,20.920,41.471,48.667
239,20.567,41.551,48.583
240,20.905,41.505,49.083
241,20.777,41.544,48.667
242,20.812,41.732,48.792
243,20.348,41.451,48.625
244,20.665,41.412,48.792
245,20.545,41.454,48.583
246,20.795,41.817,49.333
247,20.480,41.802,48.583
248,20.649,41.695,48.750
249,20.729,41.534,48.667
250,20.764,41.537,48.792
251,20.785,41.595,48.417
252,20.993,41.702,48.542
253,20.952,41.807,48.625
254,20.766,41.673,48.750
255,27.340,41.961,48.917
256,29.948,41.971,48.792
257,30.474,42.251,48.667
258,30.551,41.976,48.917
259,30.507,42.373,49.000
260,30.414,41.893,48.750
261,30.029,41.929,48.750
262,29.938,41.734,48.875
263,30.032,41.617,48.750
264,29.715,41.834,48.917
265,29.365,41.532,48.833
266,29.201,41.668,48.667
267,28.998,41.651,48.667
268,28.812,41.739,48.667
269,28.608,41.829,48.750
270,28.492,41.380,48.750
271,28.375,41.366,48.750
272,28.331,41.378,48.750
273,27.964,41.422,48.750
274,27.941,41.263,48.708
275,27.825,41.359,48.583
276,27.877,41.285,48.750
277,27.553,41.139,48.917
278,27.434,41.159,48.875
279,27.517,41.220,48.833
280,27.391,41.032,49.583
281,27.203,40.985,55.333
282,27.016,41.076,62.375
283,26.857,40.705,67.000
284,26.831,40.773,71.625
285,26.567,40.829,78.083
286,26.414,40.895,83.208
287,26.300,41.012,87.333
288,26.201,40.795,92.583
289,26.195,41.161,96.667
290,26.097,40.883,99.250
291,26.070,40.998,101.125
292,25.998,41.093,102.292
293,26.075,40.732,102.917
294,26.036,40.741,103.208
295,25.843,40.744,102.917
296,25.598,40.710,101.875
297,25.739,40.856,100.375
298,25.594,40.654,99.792
299,25.437,40.593,98.167
300,29.004,40.793,97.250
301,32.382,40.680,96.292
302,33.294,40.656,96.000
303,33.194,40.324,95.167
304,32.456,40.456,94.875
305,32.138,40.412,94.875
306,31.618,40.502,95.042
307,31.215,40.515,94.875
308,30.614,40.644,94.750
309,30.336,40.744,94.875
310,30.238,40.593,94.792
311,29.708,40.512,94.917
312,29.556,40.402,94.917
313,29.405,40.546,95.000
314,29.052,40.456,95.417
315,29.044,40.659,95.583
316,28.524,40.554,95.542
317,28.629,40.517,95.417
318,28.212,40.410,95.125
319,28.005,40.393,95.000
320,27.851,40.405,94.958
321,27.672,40.541,95.500
322,27.423,40.324,95.250
323,27.467,40.317,95.292
324,27.247,40.541,95.125
325,30.692,40.727,95.125
326,32.697,40.646,94.958
327,32.681,40.837,94.958
328,32.499,40.859,94.917
329,32.294,40.815,95.000
330,31.801,40.861,94.958
331,31.359,40.822,94.792
332,30.939,40.546,94.833
333,30.520,40.646,94.875
334,29.942,40.532,94.917
335,29.495,40.780,94.833
336,29.028,40.602,94.875
337,28.830,40.580,94.875
338,28.293,40.329,94.958
339,28.144,40.720,94.917
340,27.801,40.476,95.083
341,27.781,40.485,94.583
342,27.500,40.588,94.708
343,27.396,40.334,94.917
344,27.450,40.656,95.042
345,27.167,40.620,95.000
346,27.038,40.478,95.125
347,26.905,40.841,95.292
348,30.996,41.122,95.042
349,31.298,41.022,95.167
350,31.670,41.044,95.167
351,31.456,41.017,95.375
352,31.036,40.990,95.208
353,30.588,40.834,95.208
354,30.033,40.615,95.083
355,29.850,41.005,95.083
356,29.406,40.949,95.083
357,29.326,40.768,95.292
358,28.932,40.795,95.208
359,28.906,40.705,94.750
360,28.784,40.695,95.417
361,29.004,40.654,94.917
362,28.335,40.185,95.250
363,28.286,40.590,95.333
364,28.414,40.641,95.167
365,28.287,40.790,94.917
366,28.328,40.324,94.667
367,28.561,40.678,95.250
368,28.302,40.644,95.167
369,30.236,40.561,94.708
370,31.192,40.868,94.708
371,31.252,40.844,94.708
372,31.001,40.866,94.708
373,30.723,41.061,94.708
374,30.408,40.800,94.833
375,30.052,41.212,94.917
376,30.058,41.027,94.917
377,29.801,40.739,94.917
378,29.690,40.900,94.875
379,29.370,40.834,94.750
380,29.104,40.783,94.875
381,28.922,40.600,94.833
382,28.786,40.585,94.875
383,28.478,40.720,95.000
384,28.652,40.866,95.042
385,28.593,40.485,94.833
386,29.460,40.656,95.000
387,30.763,40.778,94.917
388,30.989,41.215,94.917
389,30.466,41.034,94.792
390,30.577,40.993,95.000
391,30.360,41.076,94.875
392,29.893,40.871,94.625
393,29.849,40.985,94.750
394,29.623,40.737,94.625
395,29.366,40.815,94.625
396,29.261,40.895,94.750
397,29.018,40.880,94.750
398,29.038,40.820,94.625
399,28.920,40.937,94.625
400,28.568,40.912,94.625
401,28.391,40.641,94.625
402,28.393,40.656,94.583
403,28.314,40.863,94.583
404,27.973,41.061,94.625
405,28.027,40.668,94.667
406,27.885,40.661,94.667
407,27.938,40.746,94.417
408,27.913,40.590,94.875
409,30.025,40.900,94.833
410,30.684,41.066,95.083
411,30.530,41.220,94.708
412,30.211,41.139,94.792
413,29.993,41.071,94.542
414,29.528,41.073,94.667
415,29.094,40.898,94.750
416,28.754,40.971,94.750
417,28.586,40.941,94.750
418,28.376,40.915,94.750
419,28.042,40.620,94.750
420,27.770,40.698,94.750
421,27.664,40.583,94.750
422,27.452,40.644,94.417
423,27.050,40.641,94.500
424,27.005,40.424,92.583
425,26.933,40.610,85.750
426,26.570,40.363,78.542
427,26.446,40.676,75.375
428,26.319,40.385,68.958
429,26.037,40.644,62.125
430,25.750,40.663,58.542
431,25.508,40.400,55.708
432,25.302,40.498,51.458
433,25.321,40.471,49.458
434,25.227,40.539,48.542
435,24.908,40.415,48.875
436,24.891,40.473,48.375
437,24.720,40.468,48.625
438,24.209,40.361,48.625
439,24.241,40.400,48.625
440,24.102,40.583,48.833
441,23.972,40.412,48.750
442,23.942,40.427,48.417
443,23.649,40.434,48.708
444,23.511,40.680,48.750
445,23.367,40.785,48.625
446,23.076,40.441,48.708
447,22.889,40.700,48.708
448,22.648,40.373,48.833
449,22.678,40.546,48.542
450,22.226,40.610,48.708
451,22.046,40.551,48.750
452,22.195,40.385,49.000
453,22.151,40.395,48.792
454,21.775,40.329,49.292
455,21.988,40.739,48.917
456,21.734,40.583,49.083
457,26.076,40.841,48.792
458,27.167,40.946,48.667
459,27.202,40.998,48.833
460,27.011,41.088,49.083
461,26.700,40.871,48.750
462,26.626,41.154,48.958
463,26.134,40.968,49.083
464,25.714,41.029,48.958
465,25.336,40.756,49.000
466,24.828,40.888,48.792
467,24.504,40.824,48.958
468,24.287,40.817,49.125
469,23.757,40.805,48.833
470,23.616,40.929,48.833
471,23.506,40.685,49.083
472,23.199,40.571,48.792
473,22.965,40.610,48.708
474,22.698,40.639,48.708
475,22.502,40.624,48.792
476,22.563,40.488,48.542
477,22.185,40.480,48.708
478,22.142,40.390,48.875
479,22.050,40.573,48.792
480,21.854,40.456,48.917
481,21.957,40.339,48.875
482,21.860,40.656,49.042
483,21.524,40.554,48.583
484,21.309,40.483,48.542
485,21.410,40.363,48.667
486,21.200,40.715,48.708
487,21.509,40.380,48.792
488,21.089,40.332,48.375
489,21.129,40.434,48.458
490,21.189,40.483,48.375
491,21.087,40.283,48.208
492,20.804,40.493,48.458
493,20.865,40.763,48.375
494,20.835,40.463,48.667
495,20.807,40.412,48.667
496,20.660,40.276,48.250
497,20.358,40.356,48.583
498,20.423,40.222,49.833
499,20.455,40.202,54.208
500,20.112,40.263,60.333
501,20.104,40.034,65.542
502,20.238,40.268,70.708
503,20.187,40.017,77.583
504,20.108,40.393,82.958
505,20.078,39.961,86.375
506,20.100,40.056,89.667
507,20.247,39.915,93.292
508,20.575,39.893,94.042
509,20.461,40.266,94.083
510,20.657,40.166,94.667
511,20.367,40.210,94.750
512,20.359,40.056,94.708
513,20.248,40.463,94.500
514,20.090,40.193,95.000
515,20.074,39.912,95.167
516,19.972,39.866,95.083
517,20.164,40.039,94.750
518,19.929,40.139,95.250
519,19.811,39.849,95.000
520,19.658,40.134,95.000
521,20.007,40.073,95.083
522,19.917,39.883,95.083
523,19.793,40.161,94.792
524,19.698,40.049,94.792
525,19.693,39.966,94.875
526,19.755,39.885,94.750
527,19.505,39.841,94.875
528,19.636,39.707,95.000
529,19.657,40.054,94.958
530,19.471,39.644,95.042
531,19.602,39.741,95.042
532,19.736,39.649,95.042
533,19.673,39.734,95.042
534,19.468,39.805,95.042
535,19.640,39.873,95.125
536,19.693,39.968,95.000
537,19.648,39.739,95.000
538,19.575,39.632,94.917
539,19.524,39.620,95.000
540,19.497,39.502,95.000
541,19.766,39.895,95.000
542,19.392,39.715,95.000
543,19.461,39.620,95.000
544,19.636,39.624,95.000
545,19.483,39.788,95.000
546,19.433,39.478,95.000
547,19.353,39.468,95.042
548,19.410,39.559,94.625
549,19.445,39.605,95.000
550,19.428,39.410,95.125
551,19.337,39.622,95.000
552,19.518,39.512,95.000
553,19.506,39.656,94.792
554,19.539,39.656,94.875
555,19.270,39.595,94.875
556,19.495,39.673,94.875
557,19.356,39.680,94.833
558,19.422,39.637,94.875
559,19.502,39.656,94.875
560,19.444,39.629,94.917
561,19.308,39.615,94.875
562,19.651,39.629,94.875
563,19.431,39.583,94.833
564,19.540,39.441,94.875
565,19.312,39.734,94.667
566,19.461,39.502,94.667
567,19.487,39.780,94.667
568,19.195,39.712,94.792
569,19.263,39.490,94.792
570,19.407,39.759,94.875
571,19.449,39.707,94.917
572,19.363,39.644,94.958
573,19.437,39.776,94.875
574,19.212,39.693,94.958
575,19.350,39.773,94.917
576,19.306,39.761,94.792
577,19.466,39.851,94.833
578,19.357,39.915,94.833
579,19.365,39.868,94.833
580,19.324,39.573,94.792
581,24.238,40.061,94.917
582,26.544,40.380,94.917
583,26.423,40.573,94.917
584,26.503,40.420,94.958
585,26.309,40.554,94.875
586,26.038,40.488,94.917
587,25.448,40.224,94.917
588,24.884,40.234,94.917
589,24.618,40.300,94.875
590,24.207,40.317,94.792
591,23.931,40.559,94.917
592,23.762,40.090,94.750
593,23.353,40.007,94.792
594,23.312,39.895,94.792
595,23.117,39.990,94.917
596,23.004,39.666,94.833
597,22.958,39.910,94.833
598,22.591,39.727,94.875
599,22.379,39.910,94.625
600,22.398,39.712,94.625
601,22.305,39.654,94.583
602,22.315,39.783,94.625
603,21.924,39.754,94.625
604,21.845,39.822,94.625
605,21.877,39.651,94.625
606,21.626,39.632,94.625
607,21.570,39.668,94.625
608,21.306,39.717,94.667
609,21.460,39.773,94.958
610,25.333,39.954,94.833
611,26.837,40.134,94.917
612,26.906,40.400,94.917
613,26.891,40.346,95.000
614,26.765,40.583,95.000
615,26.292,40.563,94.583
616,25.822,40.429,95.167
617,25.760,40.490,94.875
618,25.049,40.229,94.583
619,24.857,40.461,94.833
620,24.622,40.366,94.708
621,24.383,40.368,94.792
622,23.896,40.700,95.083
623,23.981,40.412,95.000
624,23.831,40.215,94.958
625,23.440,40.156,95.000
626,23.336,40.420,95.000
627,23.273,40.071,95.042
628,23.103,40.251,95.000
629,23.060,40.361,95.042
630,22.717,40.166,94.958
631,22.518,40.139,95.000
632,22.449,40.029,95.000
633,22.504,40.176,95.000
634,22.354,40.124,95.000
635,26.454,40.368,94.875
636,27.605,40.420,95.042
637,27.668,40.371,94.958
638,27.479,40.537,94.875
639,27.419,40.634,94.833
640,26.853,40.454,94.625
641,26.447,40.459,94.917
642,26.105,40.222,92.625
643,25.712,40.359,86.583
644,25.327,40.315,80.458
645,25.082,40.322,75.750
646,24.804,40.300,70.417
647,24.519,40.488,64.167
648,24.366,40.217,58.792
649,23.996,40.227,56.250
650,23.825,40.254,52.250
651,23.826,40.541,49.583
652,23.734,40.307,48.417
653,23.386,40.029,49.208
654,26.974,40.598,48.500
655,27.413,40.420,48.417
656,27.151,40.583,48.708
657,26.725,40.434,49.042
658,26.642,40.556,49.250
659,26.336,40.710,48.875
660,25.881,40.588,48.583
661,25.485,40.622,48.958
662,25.176,40.668,49.000
663,25.097,40.573,48.542
664,24.771,40.554,49.167
665,24.448,40.554,48.833
666,24.248,40.412,48.750
667,24.170,40.488,49.125
668,26.518,40.612,48.292
669,27.348,41.049,48.583
670,27.367,40.832,48.708
671,27.106,40.846,48.708
672,26.671,40.763,48.625
673,26.356,40.890,48.542
674,26.087,41.049,48.792
675,25.922,40.793,48.792
676,25.558,40.790,48.667
677,25.326,40.707,48.583
678,25.115,40.773,48.667
679,25.026,40.802,48.708
680,26.492,41.037,48.250
681,27.490,41.059,48.708
682,27.442,41.020,48.750
683,27.054,41.320,48.625
684,26.661,41.105,48.708
685,26.298,40.980,48.625
686,26.004,40.976,48.417
687,25.694,41.005,48.500
688,25.405,40.861,48.667
689,25.127,40.724,48.750
690,24.927,40.746,48.750
691,24.804,40.880,48.667
692,24.576,40.827,48.917
693,24.809,40.912,48.583
694,24.818,40.915,48.917
695,27.015,41.088,48.792
696,26.964,40.939,48.542
697,26.813,41.200,48.583
698,26.510,40.990,48.875
699,26.023,40.646,48.750
700,26.172,41.078,48.542
701,25.932,41.115,48.708
702,25.503,41.154,48.708
703,25.320,41.068,48.458
704,24.995,40.861,48.625
705,24.775,41.100,48.958
706,24.741,40.861,48.833
707,24.213,40.778,48.917
708,24.192,40.968,48.583
709,24.161,40.912,48.542
710,24.167,40.524,48.667
711,23.870,40.844,48.583
712,23.814,40.751,48.917
713,23.773,40.729,48.625
714,23.472,40.780,48.292
715,23.583,40.832,48.667
716,25.660,40.961,48.667
717,26.297,41.020,48.667
718,26.174,41.317,48.583
719,25.929,40.976,48.792
720,25.719,40.966,49.042
721,25.242,40.902,49.000
722,24.972,40.963,48.917
723,24.616,41.020,48.917
724,24.238,40.641,48.542
725,23.809,40.878,48.667
726,23.623,40.732,48.667
727,23.399,40.846,48.542
728,23.195,40.902,48.708
729,22.856,40.773,48.458
730,22.843,40.502,48.292
731,22.385,40.722,48.792
732,22.371,40.729,48.833
733,22.285,40.537,48.875
734,22.015,40.549,48.917
735,22.064,40.939,48.125
736,21.818,40.715,48.917
737,21.598,40.627,48.958
738,21.704,40.483,48.583
739,21.642,40.624,48.833
740,21.478,40.620,48.833
741,21.351,40.641,48.458
742,21.221,40.702,48.542
743,21.124,40.622,48.417
744,21.165,40.602,48.375
745,21.043,40.529,48.417
746,20.956,40.590,48.708
747,20.977,40.568,48.833
748,20.656,40.502,48.792
749,20.703,40.615,48.625
750,20.333,40.466,48.875
751,20.360,40.500,48.667
752,20.408,40.429,48.708
753,20.291,40.478,48.458
754,20.308,40.371,48.792
755,20.283,40.522,48.875
756,20.139,40.641,48.542
757,19.959,40.554,49.000
758,19.994,40.339,48.542
759,19.985,40.678,48.667
760,19.720,40.498,48.583
761,19.858,40.212,49.083
762,20.042,40.576,49.083
763,19.647,40.290,48.667
764,19.677,40.302,48.958
765,19.817,40.556,49.125
766,19.571,40.261,48.958
767,19.614,40.527,49.042
768,19.351,40.341,49.125
769,19.644,40.315,48.875
770,19.593,40.412,48.917
771,19.496,40.351,49.125
772,19.267,40.434,48.958
773,19.434,40.461,49.250
774,19.264,40.356,48.917
775,19.345,40.320,48.833
776,19.171,40.495,48.917
777,19.366,40.434,48.708
778,19.217,40.229,48.542
779,19.133,40.400,49.125
780,18.918,40.251,48.958
781,19.098,40.356,48.542
782,19.318,40.488,48.667
783,19.107,40.417,48.708
784,19.333,40.549,48.458
785,19.201,40.251,48.667
786,19.165,40.424,48.792
787,19.131,40.276,48.667
788,19.165,40.251,48.667
789,19.189,40.083,48.792
790,19.196,40.390,48.667
791,18.837,40.239,48.917
792,19.091,40.295,48.917
793,19.030,40.280,49.042
794,18.978,40.312,49.167
795,18.882,40.156,48.792
796,19.002,40.232,48.917
797,18.866,40.295,48.792
798,18.962,40.063,48.958
799,18.665,40.315,48.792
800,18.736,40.237,48.917
801,18.831,40.332,49.042
802,18.869,40.366,48.958
803,18.843,40.349,48.708
804,19.079,40.976,48.417
805,19.048,41.022,48.500
806,18.882,41.102,48.375
807,19.242,41.059,48.667
808,19.123,40.888,48.708
809,19.036,41.115,48.583
810,18.852,40.624,48.583
811,18.918,40.751,48.625
812,18.969,40.651,48.875
813,19.157,40.741,48.625
814,18.651,40.690,48.625
815,18.852,40.585,48.667
816,18.935,40.724,48.625
817,19.030,40.690,49.167
818,18.742,40.151,48.833
819,18.873,40.629,48.750
820,18.880,40.617,48.875
821,18.917,40.524,48.542
822,18.649,40.278,48.875
823,18.748,40.522,48.917
824,18.786,40.493,48.333
825,18.693,40.412,48.958
826,18.799,40.541,48.708
827,18.708,40.446,48.750
828,18.908,40.368,48.500
829,18.619,40.617,49.042
830,18.851,40.510,48.833
831,18.798,40.563,49.083
832,18.825,40.451,48.875
833,18.818,40.254,49.125
834,18.699,40.480,48.833
835,18.636,40.507,49.083
836,18.780,40.568,49.000
837,18.608,40.324,48.375
838,18.757,40.663,48.625
839,18.786,40.449,48.417
840,18.768,40.432,49.000
841,18.461,40.546,48.708
842,18.532,40.512,48.792
843,18.552,40.483,48.833
844,18.639,40.434,49.042
845,18.374,40.210,48.667
846,18.647,40.544,49.125
847,18.353,40.539,48.833
848,18.595,40.427,48.917
849,18.448,40.429,48.792
850,18.515,40.244,49.000
851,18.476,40.354,48.875
852,18.586,40.327,48.792
853,18.626,40.605,48.708
854,18.598,40.690,48.792
855,18.579,40.522,48.583
856,18.398,40.278,48.500
857,18.582,40.273,48.500
858,18.491,40.415,48.792
859,18.470,40.617,48.583
860,18.428,40.515,48.625
861,18.404,40.500,48.875
862,18.653,40.539,50.167
863,18.424,40.417,56.833
864,18.336,40.510,63.292
865,18.329,40.361,67.083
866,18.432,40.383,72.167
867,18.583,40.480,80.667
868,18.286,40.224,84.000
869,18.277,40.154,86.542
870,18.322,40.366,91.458
871,18.364,40.500,94.333
872,18.232,40.346,94.500
873,18.248,40.341,94.375
874,18.376,40.488,94.708
875,18.280,40.534,94.792
876,18.596,40.415,94.833
877,18.605,40.505,94.833
878,18.516,40.398,94.792
879,18.421,40.663,94.792
880,18.572,40.680,94.792
881,18.320,40.451,94.792
882,18.423,40.459,94.875
883,18.356,40.444,94.875
884,18.459,40.488,94.875
885,18.422,40.388,94.917
886,18.322,40.510,95.042
887,18.394,40.598,94.792
888,18.428,40.715,94.667
889,18.485,40.668,94.833
890,18.578,40.707,94.750
891,18.546,40.944,94.833
892,18.277,40.700,95.000
893,18.186,40.768,95.000
894,18.355,40.863,95.000
895,18.321,40.780,94.792
896,18.340,40.607,94.667
897,18.572,40.788,94.750
898,18.203,40.839,94.833
899,18.405,41.039,95.250
900,18.351,40.673,95.250
901,18.363,40.629,95.250
902,18.314,40.717,95.250
903,18.545,40.722,95.208
904,18.262,40.729,95.208
905,18.387,40.741,94.958
906,18.266,40.634,94.917
907,18.251,40.827,94.958
908,18.184,40.885,94.958
909,18.120,40.488,94.958
910,18.033,40.585,94.958
911,18.160,40.788,94.833
912,18.059,40.695,94.958
913,18.197,40.749,94.958
914,18.078,40.805,94.958
915,18.104,40.683,94.958
916,18.134,40.737,95.042
917,17.928,40.849,94.958
918,18.069,40.832,94.958
919,18.139,40.568,95.083
920,23.201,40.895,94.750
921,25.474,41.341,94.792
922,25.665,40.924,94.792
923,25.270,41.173,94.792
924,24.902,40.890,94.792
925,24.403,40.773,94.792
926,24.096,40.610,94.625
927,23.756,40.685,94.625
928,23.382,40.644,94.625
929,23.107,40.544,94.458
930,22.599,40.468,94.875
931,22.366,40.590,94.458
932,21.902,40.359,94.750
933,21.713,40.563,94.625
934,21.569,40.473,94.917
935,21.022,40.312,94.750
936,21.292,40.349,94.917
937,20.781,40.178,94.875
938,20.579,40.290,94.917
939,20.432,40.212,94.625
940,20.345,40.217,94.833
941,19.977,40.124,94.625
942,19.951,40.044,94.792
943,19.839,40.517,94.875
944,19.820,40.083,94.625
945,19.641,40.122,94.667
946,19.628,40.098,94.667
947,19.595,40.051,94.667
948,19.391,40.037,94.667
949,19.382,40.183,94.833
950,19.314,40.059,94.875
951,19.199,40.149,94.875
952,18.988,40.110,94.625
953,19.111,40.356,94.875
954,18.935,40.393,94.875
955,18.939,40.327,94.875
956,18.830,40.246,94.750
957,18.660,39.993,94.917
958,22.364,40.288,94.833
959,24.633,40.290,94.917
960,24.655,40.273,94.750
961,24.529,40.366,94.833
962,24.161,40.341,94.875
963,23.667,40.215,94.833
964,23.329,40.368,94.625
965,23.359,40.463,94.875
966,22.876,40.249,94.875
967,22.616,40.246,94.750
968,22.350,39.966,94.875
969,22.054,40.159,94.875
970,21.797,40.317,94.792
971,21.561,40.022,94.708
972,21.444,40.388,95.208
973,21.098,40.361,94.958
974,20.821,40.241,95.083
975,20.674,40.410,95.292
976,20.587,40.363,95.083
977,20.375,40.239,94.917
978,20.389,40.059,94.833
979,20.076,40.354,94.667
980,19.964,40.451,94.625
981,19.986,40.161,94.875
982,19.594,40.337,94.917
983,19.529,40.217,94.625
984,19.467,40.266,94.542
985,19.467,40.232,94.542
986,19.319,39.998,94.625
987,19.142,40.329,95.125
988,18.943,40.005,94.875
989,18.946,40.315,94.917
990,18.833,39.985,94.875
991,24.256,40.720,94.875
992,24.854,40.383,94.875
993,24.705,40.632,94.875
994,24.543,40.671,94.875
995,24.209,40.737,94.875
996,24.165,40.534,94.875
997,23.714,40.563,94.875
998,23.208,40.363,94.875
999,22.978,40.568,94.958
1000,22.504,40.410,94.875
1001,22.256,40.383,94.875
1002,21.969,40.337,94.875
1003,21.709,40.368,94.875
1004,21.568,40.578,94.792
1005,21.529,40.744,93.500
1006,21.183,40.512,89.708
1007,20.907,40.576,83.208
1008,20.790,40.578,77.917
1009,20.570,40.220,73.958
1010,20.500,39.990,67.417
1011,20.401,40.298,61.292
1012,20.223,40.246,58.000
1013,20.218,40.356,54.708
1014,20.125,40.349,50.542
1015,22.006,40.468,49.125
1016,24.599,40.734,48.667
1017,24.788,40.810,49.125
1018,24.735,40.624,49.250
1019,24.510,40.702,48.667
1020,23.968,40.566,48.833
1021,23.593,40.563,49.042
1022,23.439,40.590,49.167
1023,23.032,40.690,49.083
1024,22.972,40.654,48.833
1025,22.492,40.676,49.208
1026,22.276,40.834,49.292
1027,22.263,40.500,49.125
1028,21.908,40.232,48.625
1029,21.637,40.520,48.542
1030,21.728,40.283,48.833
1031,21.620,40.373,48.917
1032,21.473,40.456,48.667
1033,21.372,40.263,48.583
1034,21.342,40.085,48.917
1035,21.457,40.490,48.708
1036,24.273,40.517,48.792
1037,24.642,40.888,48.583
1038,24.374,40.973,48.708
1039,24.365,40.910,49.250
1040,23.769,40.761,49.167
1041,23.448,40.788,48.875
1042,23.407,40.663,48.875
1043,23.174,40.883,49.125
1044,22.963,40.707,48.583
1045,22.708,40.861,48.708
1046,22.742,40.749,48.708
1047,22.449,40.698,48.750
1048,22.294,40.449,48.542
1049,22.198,40.544,48.917
1050,22.080,40.461,48.750
1051,21.891,40.512,48.875
1052,21.888,40.500,48.958
1053,21.978,40.427,48.500
1054,24.128,40.593,48.625
1055,24.527,40.800,48.875
1056,24.116,40.761,48.500
1057,24.109,40.766,48.708
1058,24.013,40.507,48.708
1059,23.571,40.634,48.708
1060,23.379,40.610,48.333
1061,23.177,40.629,48.833
1062,22.945,40.634,48.833
1063,22.810,40.285,48.583
1064,22.566,40.549,48.542
1065,22.580,40.707,48.708
1066,22.518,40.351,48.583
1067,22.319,40.444,48.583
1068,22.210,40.295,48.792
1069,22.107,40.480,48.625
1070,21.963,40.651,48.667
1071,21.966,40.420,48.333
1072,21.980,40.498,48.667
1073,21.830,40.217,48.375
1074,21.762,40.239,48.542
1075,21.726,40.295,48.333
1076,21.578,40.232,48.458
1077,24.099,40.534,48.667
1078,24.169,40.439,48.708
1079,24.013,40.937,48.583
1080,23.719,40.371,48.708
1081,23.170,40.539,48.667
1082,23.020,40.561,48.625
1083,22.827,40.651,48.792
1084,22.794,40.566,49.083
1085,22.376,40.434,49.083
1086,22.114,40.322,49.083
1087,22.057,40.341,48.958
1088,21.922,40.168,48.958
1089,21.824,40.429,48.708
1090,21.400,40.202,48.625
1091,21.545,40.183,48.833
1092,21.451,40.227,48.625
1093,21.350,40.166,48.667
1094,20.996,40.054,48.917
1095,21.088,40.139,48.667
1096,21.037,40.020,48.792
1097,20.987,39.932,48.417
1098,20.873,39.900,48.375
1099,21.008,40.049,48.667
1100,20.980,39.951,48.667
1101,20.810,39.807,48.667
1102,21.777,40.298,48.708
1103,23.372,40.427,48.792
1104,23.631,40.110,48.833
1105,23.245,40.366,48.750
1106,22.829,40.273,49.042
1107,22.643,40.132,48.750
1108,22.486,40.173,48.667
1109,22.127,40.310,48.792
1110,21.794,40.149,48.750
1111,21.710,40.198,48.583
1112,21.480,40.110,48.542
1113,21.472,40.020,48.625
1114,21.186,39.880,48.500
1115,20.983,39.790,48.750
1116,20.831,39.829,49.292
1117,20.528,39.790,51.375
1118,20.492,39.563,60.292
1119,20.416,39.632,64.292
1120,20.515,39.495,69.625
1121,20.202,39.420,75.750
1122,20.049,39.563,81.667
1123,19.920,39.341,85.417
1124,19.922,39.332,88.500
1125,19.840,39.498,92.083
1126,19.789,39.310,93.917
1127,19.644,39.200,94.750
1128,19.541,39.183,94.667
1129,19.620,39.056,94.875
1130,19.778,39.246,94.292
1131,19.511,39.232,94.750
1132,19.350,39.200,94.542
1133,19.362,39.129,94.583
1134,19.261,38.844,94.750
1135,19.406,39.178,94.667
1136,19.206,39.305,94.583
1137,19.070,39.224,94.917
1138,19.168,38.941,94.667
1139,19.095,39.368,94.458
1140,18.826,39.149,94.708
1141,18.794,39.341,94.875
1142,18.498,39.173,94.917
1143,18.575,39.395,94.875
1144,18.549,39.495,94.833
1145,18.342,39.490,94.917
1146,18.407,39.454,94.750
1147,18.275,39.720,94.875
1148,18.406,39.549,94.792
1149,18.158,39.339,94.875
1150,18.082,39.590,94.875
1151,18.053,39.600,94.917
1152,17.967,39.559,94.917
1153,18.098,39.705,94.917
1154,18.132,39.568,95.042
1155,18.071,39.490,95.042
1156,17.892,39.476,94.917
1157,17.988,39.580,94.917
1158,17.660,39.498,94.917
1159,17.492,39.512,94.667
1160,17.601,39.232,94.917
1161,17.627,39.359,94.875
1162,17.699,39.359,94.917
1163,17.300,39.271,94.875
1164,17.494,39.588,94.875
1165,17.719,39.327,94.917
1166,17.526,39.237,94.750
1167,17.449,39.363,94.917
1168,17.421,39.305,95.000
1169,17.422,39.232,94.917
1170,17.105,39.388,94.917
1171,17.359,39.115,94.958
1172,17.198,39.354,94.875
1173,17.023,39.256,94.958
1174,17.077,39.002,94.792
1175,17.148,39.010,94.917
1176,17.060,39.254,94.792
1177,16.826,39.137,94.792
1178,16.962,39.307,94.917
1179,16.937,39.288,94.833
1180,16.857,39.341,94.833
1181,16.774,39.051,94.875
1182,16.852,39.578,94.833
1183,16.710,39.034,94.958
1184,16.727,39.244,94.958
1185,16.657,39.093,94.833
1186,16.574,39.261,94.875
1187,16.748,39.005,94.833
1188,16.481,39.117,94.875
1189,16.373,39.100,94.792
1190,16.555,38.980,94.792
1191,16.316,39.371,94.958
1192,16.656,39.229,94.875
1193,16.564,39.022,94.833
1194,16.266,38.937,94.875
1195,16.239,39.056,94.917
1196,16.350,38.937,95.000
1197,16.150,38.973,94.875
1198,16.454,38.905,94.958
1199,16.478,39.068,94.958
1200,16.635,39.322,94.958
1201,16.486,39.239,94.667
1202,16.433,39.217,94.958
1203,16.398,39.276,94.958
1204,16.394,39.305,94.958
1205,16.312,39.063,94.875
1206,16.272,39.241,94.875
1207,16.155,39.520,94.917
1208,16.233,39.420,94.917
1209,16.300,39.539,94.958
1210,16.038,39.502,94.750
1211,15.906,39.510,95.000
1212,15.794,39.373,94.958
1213,15.805,39.320,94.542
1214,15.844,39.424,94.708
1215,15.646,39.120,94.667
1216,15.638,39.422,94.708
1217,15.727,39.461,94.542
1218,15.563,39.268,94.750
1219,15.652,39.488,94.750
1220,15.338,39.424,94.958
1221,15.520,39.659,94.958
1222,15.591,39.585,94.958
1223,15.555,39.554,94.958
1224,15.312,39.480,94.958
1225,15.688,39.612,94.958
1226,15.256,39.546,94.958
1227,15.498,39.837,94.958
1228,15.285,39.876,94.958
1229,15.141,39.617,95.167
1230,15.193,39.578,95.167
1231,15.230,39.524,95.167
1232,15.154,39.612,95.125
1233,15.077,39.407,95.000
1234,15.084,39.737,95.083
1235,15.121,39.737,94.958
1236,14.861,39.507,94.958
1237,14.789,39.785,94.792
1238,14.971,39.439,95.167
1239,15.045,39.602,95.167
1240,14.967,39.707,95.042
1241,14.928,39.680,94.875
1242,14.834,39.878,94.792
1243,14.940,39.839,94.833
1244,14.976,39.966,94.833
1245,15.246,40.156,94.833
1246,14.977,40.022,94.833
1247,14.905,39.924,94.833
1248,14.653,39.837,94.917
1249,14.950,39.868,94.833
1250,15.050,40.029,94.917
1251,14.842,39.978,94.917
1252,14.956,40.010,94.875
1253,14.820,40.222,94.875
1254,14.771,40.037,94.917
1255,14.515,39.959,94.667
1256,14.710,39.829,94.708
1257,14.663,40.066,94.917
1258,14.606,39.968,94.958
1259,14.562,39.968,94.542
1260,14.782,40.032,91.875
1261,14.407,40.090,84.875
1262,14.780,39.912,78.083
1263,14.613,40.046,74.875
1264,14.610,39.898,68.625
1265,14.478,40.063,62.000
1266,14.584,40.151,58.333
1267,14.459,40.246,55.542
1268,14.653,40.251,52.167
1269,14.764,40.212,49.417
1270,14.738,40.188,48.667
1271,14.663,40.254,49.083
1272,14.566,40.271,48.542
1273,14.558,40.393,48.542
1274,14.340,40.256,48.458
1275,14.555,39.995,48.667
1276,14.604,40.312,49.250
1277,14.416,40.134,49.167
1278,14.361,40.032,49.167
1279,14.442,40.459,48.792
1280,14.326,40.417,48.833
1281,14.364,40.476,48.875
1282,14.474,40.449,48.792
1283,14.283,40.461,48.583
1284,14.504,40.449,48.917
1285,14.306,40.273,48.458
1286,14.600,40.446,48.333
1287,14.321,40.507,48.292
1288,14.395,40.302,48.917
1289,14.386,40.524,48.792
1290,14.511,40.368,48.875
1291,14.425,40.527,48.750
1292,14.409,40.407,48.875
1293,14.415,40.498,48.833
1294,14.650,40.451,48.792
1295,14.380,40.644,48.792
1296,14.477,40.420,48.625
1297,14.396,40.622,48.583
1298,14.358,40.551,48.708
1299,14.365,40.522,48.667
1300,14.448,40.444,48.958
1301,14.376,40.502,48.875
1302,14.316,40.888,48.333
1303,14.336,40.500,48.500
1304,14.197,40.468,48.708
1305,14.260,40.468,48.625
1306,14.205,40.485,48.708
1307,14.225,40.573,48.792
1308,14.140,40.654,48.750
1309,14.202,40.563,48.667
1310,14.225,40.546,48.875
1311,14.199,40.422,48.833
1312,14.184,40.732,48.500
1313,14.250,40.561,48.458
1314,14.278,40.317,48.625
1315,14.239,40.761,48.625
1316,14.134,40.632,48.458
1317,14.250,40.520,48.458
1318,14.314,40.678,48.500
1319,14.110,40.471,48.708
1320,14.064,40.368,48.375
1321,14.208,40.446,48.500
1322,14.088,40.595,48.500
1323,14.095,40.454,48.542
1324,14.112,40.678,48.333
1325,14.119,40.563,48.375
1326,14.200,40.571,48.917
1327,14.140,40.402,48.583
1328,14.172,40.539,48.708
1329,14.033,40.466,48.375
1330,14.156,40.354,48.667
1331,14.112,40.324,48.750
1332,14.007,40.622,48.458
1333,14.187,40.554,48.667
1334,14.070,40.617,48.625
1335,14.166,40.383,48.875
1336,14.432,40.717,49.000
1337,14.290,40.449,48.958
1338,14.190,40.549,48.833
1339,14.338,40.510,48.750
1340,14.361,40.549,48.792
1341,14.258,40.402,48.792
1342,14.370,40.510,48.958
1343,14.128,40.556,48.667
1344,14.146,40.551,48.708
1345,14.299,40.729,48.750
1346,14.283,40.863,49.208
1347,14.164,40.380,48.542
1348,14.135,40.717,48.542
1349,14.106,40.441,48.833
1350,14.070,40.534,48.708
1351,14.045,40.459,48.875
1352,14.213,40.483,48.750
1353,14.363,40.602,48.625
1354,14.149,40.595,48.750
1355,14.371,40.485,48.958
1356,14.089,40.532,48.292
1357,14.116,40.602,48.625
1358,13.856,40.283,48.458
1359,14.052,40.524,48.708
1360,14.187,40.754,48.708
1361,14.294,40.734,48.583
1362,14.044,40.802,48.667
1363,14.204,40.802,48.875
1364,14.151,40.585,48.583
1365,14.062,40.676,48.875
1366,13.952,40.617,48.792
1367,14.135,40.627,49.083
1368,14.200,40.861,48.833
1369,14.264,40.676,48.667
1370,13.901,40.776,48.917
1371,13.942,40.588,48.542
1372,14.012,40.583,48.667
1373,14.000,40.734,48.750
1374,13.924,40.800,49.083
1375,14.010,40.695,48.708
1376,13.924,40.727,48.667
1377,13.922,40.585,48.542
1378,13.893,40.893,48.583
1379,14.228,40.678,48.792
1380,14.152,40.480,48.708
1381,13.920,40.507,48.625
1382,14.118,40.680,48.708
1383,14.074,41.024,48.708
1384,14.103,40.761,48.708
1385,13.893,40.654,48.583
1386,14.003,40.541,48.750
1387,13.929,40.863,48.833
1388,14.016,40.778,48.667
1389,13.981,40.720,48.417
1390,13.760,40.700,49.000
1391,14.002,40.800,48.833
1392,13.979,40.724,48.958
1393,13.866,40.885,48.833
1394,13.837,40.707,48.792
1395,13.780,40.817,48.625
1396,13.791,40.512,49.125
1397,13.571,40.761,48.667
1398,13.698,40.766,48.708
1399,14.049,41.029,48.667
1400,13.920,40.880,48.750
1401,13.907,40.937,48.542
1402,13.768,40.807,48.875
1403,18.290,40.800,49.083
1404,20.412,41.037,48.917
1405,20.884,40.876,48.917
1406,20.759,40.659,49.000
1407,20.293,40.659,48.542
1408,20.069,40.283,48.625
1409,19.783,40.515,48.667
1410,19.574,40.578,48.792
1411,19.102,40.173,49.042
1412,18.959,39.966,48.667
1413,18.707,40.259,48.750
1414,18.498,40.134,48.958
1415,18.108,39.978,48.833
1416,17.982,39.776,48.792
1417,17.900,40.010,48.667
1418,17.712,39.751,48.875
1419,17.306,39.705,48.792
1420,17.394,39.827,48.750
1421,17.456,39.707,48.708
1422,17.291,39.539,48.500
1423,16.862,39.739,48.625
1424,16.914,39.637,48.917
1425,16.848,39.420,48.667
1426,17.038,39.876,48.750
1427,16.896,39.900,49.250
1428,16.884,39.905,49.125
1429,16.797,39.663,48.667
1430,16.628,39.773,48.958
1431,16.522,39.863,49.083
1432,16.495,39.968,49.000
1433,16.308,40.037,49.125
1434,16.177,39.688,49.000
1435,16.095,39.754,48.750
1436,15.959,39.751,48.875
1437,16.012,39.839,48.583
1438,15.940,39.683,48.708
1439,15.745,39.917,48.625
1440,15.693,39.622,48.750
1441,15.671,39.851,49.000
1442,15.522,39.798,48.625
1443,15.548,39.593,48.458
1444,15.591,39.854,50.708
1445,15.587,39.863,56.542
1446,15.426,39.839,62.625
1447,15.325,39.902,67.333
1448,15.379,39.712,72.750
1449,15.446,40.017,78.583
1450,15.641,39.988,83.542
1451,15.423,40.044,86.917
1452,15.186,39.793,90.833
1453,15.340,39.905,93.958
1454,14.939,39.910,93.833
1455,20.599,40.254,94.667
1456,21.539,40.420,94.292
1457,21.522,40.607,94.875
1458,21.174,40.710,94.667
1459,21.235,40.698,94.792
1460,20.815,40.451,94.958
1461,20.501,40.378,94.708
1462,20.442,40.693,94.667
1463,19.862,40.476,94.750
1464,19.709,40.195,94.833
1465,19.518,40.171,94.667
1466,19.237,40.378,94.417
1467,19.097,40.422,94.542
1468,18.980,40.163,94.833
1469,18.855,40.266,94.750
1470,18.874,40.178,94.750
1471,18.537,40.224,94.792
1472,18.570,40.080,94.917
1473,18.570,40.493,94.958
1474,18.234,40.334,94.958
1475,18.278,40.234,94.958
1476,18.410,40.229,94.958
1477,18.253,39.988,94.958
1478,18.086,40.163,94.958
1479,18.005,40.246,94.958
1480,18.040,40.149,94.958
1481,17.561,40.288,94.958
1482,17.596,40.229,94.958
1483,17.400,40.210,94.958
1484,17.742,40.307,94.958
1485,17.246,39.846,94.958
1486,17.287,40.183,94.958
1487,17.316,40.083,94.958
1488,22.027,40.600,94.542
1489,22.660,40.598,94.875
1490,22.761,40.668,95.000
1491,22.671,40.507,94.875
1492,22.449,40.720,94.542
1493,22.188,40.576,95.000
1494,21.844,40.573,94.958
1495,21.704,40.315,94.792
1496,21.192,40.690,94.583
1497,21.039,40.595,94.792
1498,20.933,40.390,94.833
1499,20.594,40.359,94.833
1500,20.575,40.505,94.708
1501,20.072,40.385,94.958
1502,20.037,40.361,94.792
1503,19.960,40.402,94.792
1504,19.590,40.461,94.667
1505,19.656,40.410,94.667
1506,19.565,40.144,94.750
1507,19.458,40.224,94.750
1508,19.228,40.237,94.708
1509,19.167,40.163,94.750
1510,19.022,40.234,94.708
1511,19.130,40.120,94.667
1512,18.839,39.920,94.708
1513,18.733,40.312,94.750
1514,18.863,40.020,94.750
1515,18.633,40.224,94.917
1516,18.554,40.246,94.875
1517,18.301,40.161,94.958
1518,18.383,40.015,94.625
1519,18.467,39.959,94.792
1520,18.478,39.924,94.792
1521,18.243,40.159,94.542
1522,22.959,40.651,94.792
1523,23.512,40.515,94.500
1524,23.697,40.507,94.875
1525,23.474,40.417,94.917
1526,23.443,40.559,94.667
1527,22.993,40.510,94.875
1528,22.579,40.778,95.000
1529,22.347,40.629,94.875
1530,22.192,40.534,95.000
1531,21.624,40.705,94.708
1532,21.372,40.234,94.875
1533,21.306,40.380,94.750
1534,21.336,40.505,94.833
1535,21.062,40.463,94.750
1536,20.896,40.300,94.875
1537,20.853,40.563,94.542
1538,20.815,40.517,94.750
1539,20.777,40.566,94.958
1540,20.552,40.095,95.042
1541,20.418,40.110,94.667
1542,20.482,40.271,95.125
1543,20.437,40.132,95.083
1544,20.409,40.207,95.083
1545,20.571,40.276,95.083
1546,23.495,40.659,94.500
1547,23.969,40.439,94.958
1548,23.859,40.790,94.958
1549,23.661,40.627,95.083
1550,23.602,40.605,95.167
1551,23.305,40.712,95.125
1552,23.094,40.868,94.917
1553,22.853,40.607,95.083
1554,22.584,40.922,94.750
1555,22.492,40.834,95.083
1556,22.273,40.559,94.917
1557,22.298,40.568,95.083
1558,21.897,40.324,94.958
1559,21.815,40.390,95.125
1560,21.903,40.327,94.958
1561,21.754,40.559,95.042
1562,21.930,40.222,94.958
1563,21.884,40.461,94.750
1564,21.623,40.559,95.042
1565,21.411,40.322,94.750
1566,23.735,40.583,94.792
1567,24.329,40.588,94.875
1568,24.234,40.910,94.875
1569,23.984,40.727,94.750
1570,23.947,40.695,94.833
1571,23.545,40.580,94.875
1572,23.282,40.810,94.875
1573,22.919,40.698,94.792
1574,22.771,40.837,94.833
1575,22.682,40.317,94.958
1576,22.555,40.734,95.125
1577,22.162,40.490,94.875
1578,22.145,40.441,94.958
1579,21.956,40.527,94.958
1580,21.885,40.495,94.958
1581,21.567,40.517,94.667
1582,21.545,40.466,94.958
1583,21.415,40.483,94.958
1584,21.350,40.376,94.958
1585,21.422,40.344,94.875
1586,21.446,40.368,94.708
1587,21.250,40.402,92.917
1588,21.275,40.422,87.208
1589,21.262,40.324,81.125
1590,23.692,40.563,76.250
1591,24.834,40.629,71.333
1592,24.714,40.927,64.708
1593,24.446,40.763,60.458
1594,24.273,40.702,57.417
1595,23.989,40.649,52.500
1596,23.674,40.773,49.667
1597,23.195,40.822,48.958
1598,23.028,40.807,48.625
1599,22.826,40.639,48.917
1600,22.389,40.746,48.375
1601,22.174,40.722,48.792
1602,21.949,40.668,48.625
1603,21.810,40.705,48.500
1604,21.614,40.705,48.667
1605,21.718,40.512,48.667
1606,21.391,40.710,49.125
1607,21.266,40.551,48.917
1608,21.139,40.541,48.708
1609,21.382,40.612,48.708
1610,21.183,40.707,48.458
1611,21.277,40.624,48.875
1612,21.359,40.566,48.708
1613,21.350,40.805,48.750
1614,21.094,40.515,48.667
1615,21.066,40.693,48.625
1616,20.723,40.729,48.875
1617,20.785,40.715,48.875
1618,20.649,40.471,48.875
1619,20.463,40.717,48.708
1620,20.772,40.729,48.917
1621,20.507,40.488,48.875
1622,20.432,40.556,49.000
1623,20.401,40.395,48.875
1624,20.296,40.622,49.000
1625,20.405,40.402,48.625
1626,20.310,40.400,48.917
1627,20.256,40.141,48.583
1628,20.328,40.449,48.667
1629,20.371,40.295,48.542
1630,20.279,40.115,48.958
1631,20.346,40.661,48.875
1632,20.189,40.312,48.792
1633,20.219,40.115,48.792
1634,20.075,40.224,49.125
1635,20.135,40.166,49.125
1636,20.030,40.298,48.625
1637,20.260,40.295,49.083
1638,20.024,40.220,48.750
1639,20.216,40.310,48.667
1640,20.032,40.227,48.708
1641,20.042,40.127,49.125
1642,20.056,40.246,48.250
1643,20.100,40.173,48.917
1644,20.108,40.363,48.667
1645,20.224,40.190,48.833
1646,20.070,40.122,48.833
1647,20.048,40.041,48.625
1648,19.980,39.829,48.917
1649,20.081,40.210,49.000
1650,19.895,40.212,49.042
1651,19.855,39.905,48.708
1652,19.918,40.115,48.625
1653,19.963,39.661,48.708
1654,20.007,39.946,49.125
1655,20.066,39.978,49.000
1656,19.936,40.071,49.125
1657,19.946,39.900,48.583
1658,19.919,40.105,48.625
1659,20.041,39.844,48.583
1660,19.802,39.676,48.583
1661,19.885,39.871,48.458
1662,19.816,39.715,48.792
1663,19.887,39.890,48.667
1664,19.778,39.846,48.375
1665,19.740,39.741,48.542
1666,19.937,39.993,48.833
1667,19.992,39.810,48.958
1668,19.904,39.741,48.542
1669,19.803,39.602,48.750
1670,19.780,39.520,49.042
1671,19.780,39.434,48.583
1672,19.864,39.876,48.542
1673,19.864,39.517,48.667
1674,19.879,39.615,48.583
1675,19.678,39.454,48.583
1676,19.935,39.322,48.625
1677,19.803,39.493,48.708
1678,19.760,39.500,48.917
1679,19.753,39.337,48.667
1680,19.816,39.563,48.625
1681,19.450,39.437,48.708
1682,19.516,39.402,48.917
1683,19.674,39.541,48.833
1684,19.669,39.546,48.250
1685,19.623,39.439,48.250
1686,19.585,39.168,48.417
1687,19.694,39.480,48.417
1688,19.620,39.539,48.458
1689,19.793,39.300,48.750
1690,19.746,39.222,48.833
1691,19.472,39.366,48.917
1692,19.614,39.290,48.250
1693,19.627,39.422,48.625
1694,19.610,39.500,48.583
1695,19.454,39.237,48.500
1696,19.787,39.368,48.458
1697,19.708,39.527,48.208
1698,19.518,39.480,49.625
1699,19.604,39.085,54.000
1700,19.552,39.202,60.042
1701,19.483,39.237,65.458
1702,19.453,39.402,69.708
1703,19.314,39.227,77.208
1704,19.621,39.471,82.917
1705,19.426,39.349,85.458
1706,19.459,39.437,89.500
1707,19.326,39.280,92.958
1708,19.265,39.444,94.458
1709,19.357,39.337,94.500
1710,19.318,39.405,94.833
1711,19.328,39.427,95.125
1712,19.291,39.263,94.500
1713,19.524,39.334,95.333
1714,19.396,39.417,94.792
1715,19.105,39.315,94.667
1716,19.229,39.334,94.875
1717,19.394,39.227,94.625
1718,19.237,39.471,94.708
1719,19.171,39.383,94.708
1720,19.286,39.405,94.833
1721,19.291,39.617,94.500
1722,19.142,39.498,94.292
1723,19.342,39.710,94.667
1724,19.228,39.300,94.792
1725,19.235,39.649,94.458
1726,19.181,39.715,95.042
1727,19.271,39.515,94.875
1728,19.073,39.563,95.042
1729,19.096,39.705,94.917
1730,18.886,39.595,94.458
1731,18.986,39.727,95.083
1732,18.727,39.749,95.000
1733,19.148,39.722,95.000
1734,19.123,39.841,95.083
1735,19.275,39.941,95.083
1736,18.996,39.585,95.083
1737,18.865,39.715,95.083
1738,18.917,39.580,94.750
1739,18.797,39.893,95.042
1740,18.748,39.615,95.042
1741,18.862,39.988,95.042
1742,18.885,39.851,95.042
1743,18.925,39.880,94.917
1744,18.652,39.837,95.042
1745,18.772,39.566,94.250
1746,18.816,39.683,94.833
1747,18.573,39.844,94.583
1748,18.773,39.929,94.500
1749,18.814,39.876,94.583
1750,18.748,39.776,94.542
1751,18.546,39.663,94.958
1752,18.784,39.812,94.708
1753,18.768,39.954,94.875
1754,18.840,40.005,94.708
1755,18.636,39.888,95.000
1756,18.490,39.746,94.792
1757,18.548,39.966,94.750
1758,18.762,39.771,94.833
1759,18.657,39.910,94.875
1760,18.585,39.837,94.833
1761,18.293,39.841,94.667
1762,18.538,39.959,94.917
1763,18.431,40.027,94.792
1764,18.478,40.144,94.792
1765,18.302,39.727,94.625
1766,18.531,39.866,94.833
1767,18.342,40.098,95.042
1768,18.404,40.076,94.583
1769,18.534,40.129,94.833
1770,18.444,40.200,94.958
1771,18.282,39.976,94.708
1772,18.306,39.851,94.708
1773,18.361,40.127,94.708
1774,18.505,40.071,94.458
1775,18.289,40.046,94.708
1776,18.403,40.320,94.708
1777,18.149,40.302,94.750
1778,18.243,40.090,94.792
1779,18.107,40.163,94.750
1780,18.140,39.861,94.750
1781,18.432,40.110,94.958
1782,18.414,40.351,94.958
1783,18.351,40.205,94.958
1784,18.033,40.251,94.583
1785,18.196,39.651,94.833
1786,17.968,40.227,94.875
1787,18.210,40.039,95.000
1788,18.077,40.132,94.792
1789,18.327,40.117,94.792
1790,18.102,39.980,94.833
1791,18.084,40.117,94.542
1792,18.080,40.295,94.833
1793,18.148,40.107,94.542
1794,18.169,39.990,94.708
1795,18.021,40.095,94.625
1796,18.361,40.198,94.500
1797,18.308,40.134,94.625
1798,18.153,40.320,94.750
1799,17.917,40.217,94.625
1800,17.908,40.139,94.833
1801,18.064,40.317,94.708
1802,18.052,40.337,94.917
1803,17.885,40.271,94.708
1804,17.917,40.185,94.792
1805,18.172,40.100,94.792
1806,18.063,40.366,95.000
1807,17.888,40.459,94.458
1808,17.912,40.302,95.042
1809,17.828,40.583,95.042
1810,17.801,40.161,95.000
1811,17.781,40.417,94.958
1812,17.960,40.205,95.042
1813,17.792,40.359,94.917
1814,17.823,40.246,94.667
1815,17.659,40.349,94.875
1816,17.786,40.329,94.833
1817,17.688,40.149,94.208
1818,17.790,40.341,95.000
1819,17.730,40.332,94.750
1820,18.208,40.707,95.167
1821,18.290,40.761,94.792
1822,18.148,40.739,94.833
1823,18.399,40.837,94.917
1824,18.189,40.868,94.792
1825,18.254,40.715,94.750
1826,17.894,40.807,94.875
1827,18.075,40.537,94.875
1828,17.710,40.527,94.792
1829,17.984,40.634,94.833
1830,17.681,40.466,94.583
1831,17.729,40.571,94.833
1832,17.728,40.527,94.792
1833,17.643,40.629,94.833
1834,17.627,40.395,94.958
1835,17.639,40.341,94.875
1836,17.594,40.493,94.750
1837,17.732,40.437,95.000
1838,17.490,40.276,94.833
1839,17.537,40.378,94.625
1840,17.477,40.446,95.083
1841,17.477,40.363,94.833
1842,17.453,40.217,91.875
1843,17.444,40.656,85.583
1844,17.377,40.293,79.167
1845,17.419,40.339,75.500
1846,17.448,40.110,69.458
1847,17.401,40.539,62.458
1848,17.120,40.298,58.250
1849,17.309,40.490,55.708
1850,17.297,40.661,51.292
1851,17.230,40.298,48.583
1852,17.154,40.500,48.792
1853,17.208,40.200,48.708
1854,17.218,40.171,48.583
1855,17.242,40.349,48.792
1856,17.310,40.441,48.417
1857,17.177,40.420,48.792
1858,17.093,40.417,49.000
1859,17.000,40.244,48.917
1860,17.166,40.144,48.750
1861,17.144,40.085,48.792
1862,17.070,40.212,48.875
1863,16.872,40.202,48.292
1864,17.090,40.263,49.042
1865,17.080,40.193,48.667
1866,17.097,40.298,49.083
1867,17.068,40.341,48.750
1868,16.846,40.366,48.958
1869,16.954,40.224,49.083
1870,16.674,40.478,48.708
1871,17.028,40.437,49.125
1872,16.898,40.324,49.000
1873,17.015,40.324,48.875
1874,16.960,40.241,48.917
1875,16.978,40.471,48.500
1876,16.584,40.066,48.958
1877,16.641,40.556,49.250
1878,16.700,40.149,48.792
1879,16.473,40.215,48.583
1880,16.543,40.427,48.583
1881,16.485,40.212,48.292
1882,16.547,40.395,48.833
1883,16.635,40.078,48.708
1884,16.526,40.473,48.625
1885,16.678,40.337,48.750
1886,16.426,40.522,48.458
1887,16.422,40.341,48.750
1888,16.440,40.359,48.500
1889,16.352,40.480,48.625
1890,16.484,40.120,48.750
1891,16.400,40.490,48.625
1892,16.483,40.195,49.208
1893,16.607,40.495,48.958
1894,16.404,40.368,48.583
1895,16.372,40.315,48.583
1896,16.316,40.266,48.792
1897,16.448,40.507,48.625
1898,16.472,40.295,48.708
1899,16.396,40.459,49.000
1900,16.402,40.429,49.125
1901,16.329,40.024,48.708
1902,16.347,40.229,48.625
1903,16.220,40.624,48.417
1904,16.423,40.320,48.292
1905,16.217,40.585,48.458
1906,16.186,40.180,48.917
1907,16.221,40.439,48.750
1908,16.162,40.385,48.458
1909,16.241,40.317,48.458
1910,16.170,40.237,48.625
1911,16.245,40.283,48.625
1912,16.124,40.249,49.208
1913,16.049,40.239,48.792
1914,16.302,40.444,48.667
1915,16.110,40.480,48.708
1916,16.135,40.315,48.500
1917,16.116,40.366,48.417
1918,15.980,40.215,48.667
1919,16.191,40.373,48.667
1920,16.220,40.310,48.583
1921,15.990,40.344,48.708
1922,16.019,40.322,48.667
1923,15.900,40.395,49.208
1924,16.027,40.429,48.542
1925,15.968,40.539,48.625
1926,16.044,40.485,48.583
1927,15.993,40.432,48.375
1928,15.938,40.376,48.917
1929,15.920,40.554,48.458
1930,15.734,40.356,48.708
1931,15.873,40.349,48.542
1932,15.992,40.405,48.542
1933,15.885,40.417,49.292
1934,15.781,40.563,48.750
1935,16.004,40.580,48.917
1936,15.772,40.300,49.125
1937,15.652,40.273,48.542
1938,16.047,40.398,48.750
1939,15.970,40.446,48.833
1940,15.906,40.266,49.000
1941,15.785,40.288,48.417
1942,15.969,40.439,48.458
1943,15.916,40.529,48.500
1944,15.873,40.717,48.125
1945,15.802,40.361,48.125
1946,15.827,40.332,48.333
1947,15.886,40.483,48.542
1948,15.800,40.300,48.375
1949,15.704,40.410,48.667
1950,15.716,40.468,48.792
1951,15.758,40.244,48.833
1952,15.742,40.263,48.917
1953,15.887,40.505,48.417
1954,15.738,40.278,48.250
1955,15.746,40.202,48.250
1956,15.764,40.515,48.917
1957,15.815,40.359,48.708
1958,15.675,40.222,48.583
1959,15.988,40.473,49.000
1960,15.641,40.239,48.625
1961,15.625,40.237,48.958
1962,15.593,40.324,48.708
1963,15.561,40.341,48.625
1964,15.622,40.324,48.750
1965,15.719,40.505,48.750
1966,15.546,40.322,48.750
1967,15.651,40.205,48.542
1968,15.602,40.461,48.417
1969,15.716,40.229,48.542
1970,15.408,40.317,48.875
1971,15.499,40.271,48.750
1972,15.430,40.227,48.417
1973,15.731,40.205,48.500
1974,15.694,40.320,48.667
1975,15.486,40.412,48.417
1976,15.402,40.405,48.667
1977,15.451,40.324,48.208
1978,15.286,40.339,48.375
1979,15.359,40.159,48.500
1980,15.416,40.324,48.750
1981,15.469,40.110,48.833
1982,15.439,40.285,48.833
1983,15.325,40.327,48.708
1984,15.565,40.371,48.667
1985,15.609,40.263,48.750
1986,15.556,40.354,48.667
1987,15.300,40.361,48.417
1988,15.692,40.395,48.917
1989,15.528,40.402,48.833
1990,15.574,40.193,54.083
1991,15.450,40.122,59.958
1992,15.509,40.259,65.458
1993,15.283,40.300,70.458
1994,15.490,40.234,76.542
1995,15.256,40.178,82.292
1996,15.211,40.007,85.167
1997,15.405,40.056,89.292
1998,15.492,40.237,93.042
1999,15.463,40.178,94.792
2000,15.661,40.161,95.042
2001,15.352,40.159,94.958
2002,15.288,40.090,94.667
2003,15.508,40.476,94.750
2004,15.376,40.159,94.792
2005,15.460,40.190,94.958
2006,15.446,40.344,94.583
2007,15.443,40.320,94.625
2008,15.613,40.100,94.750
2009,15.602,40.280,94.542
2010,15.448,40.356,94.375
2011,15.560,40.202,94.417
2012,15.571,40.266,94.833
2013,15.585,40.212,94.708
2014,15.543,40.393,94.417
2015,15.416,40.093,94.792
2016,15.473,40.371,94.583
2017,15.532,40.141,94.625
2018,15.388,40.346,94.542
2019,15.592,40.478,94.833
2020,15.534,40.344,95.000
2021,15.431,40.398,94.792
2022,15.425,40.407,94.792
2023,15.468,40.222,94.833
2024,15.337,40.278,94.542
2025,15.401,40.088,94.583
2026,15.411,40.427,94.833
2027,15.410,40.290,94.625
2028,15.384,40.044,94.792
2029,15.358,40.090,94.625
2030,15.348,40.459,94.792
2031,15.330,40.173,94.792
2032,15.356,40.024,94.292
2033,15.565,40.229,94.833
2034,15.458,40.295,94.833
2035,15.419,40.259,94.792
2036,15.436,40.037,94.833
2037,15.362,40.356,94.833
2038,15.558,40.171,94.833
2039,15.512,40.168,94.875
2040,15.380,40.212,94.833
2041,15.243,40.144,94.458
2042,15.414,40.393,94.958
2043,15.244,40.190,94.875
2044,15.571,40.273,94.792
2045,15.457,40.327,94.958
2046,15.288,39.963,94.750
2047,15.313,39.927,94.958
2048,15.488,40.151,94.667
2049,15.450,40.093,94.667
2050,15.476,40.271,94.542
2051,15.401,40.185,94.667
2052,15.285,40.227,94.667
2053,15.342,40.254,94.875
2054,15.449,40.261,94.792
2055,15.520,40.229,94.875
2056,15.180,40.217,94.875
2057,15.513,40.039,94.833
2058,15.486,40.183,94.958
2059,15.455,40.115,94.917
2060,15.318,40.302,94.917
2061,15.348,40.059,94.917
2062,15.378,40.095,94.917
2063,15.166,39.995,94.917
2064,15.129,40.210,94.583
2065,15.403,40.061,94.833
2066,15.369,40.032,95.000
2067,15.566,40.085,94.500
2068,15.460,39.966,94.667
2069,15.334,40.139,94.958
2070,15.367,40.207,94.833
2071,15.378,40.290,94.542
2072,15.332,40.139,94.542
2073,15.438,39.968,94.542
2074,15.482,40.095,94.542
2075,15.404,39.829,94.667
2076,15.542,40.237,94.875
2077,15.399,39.959,94.625
2078,15.369,39.766,94.875
2079,15.460,40.017,94.833
2080,15.472,39.971,94.708
2081,22.095,40.268,94.917
2082,22.505,39.693,94.708
2083,22.367,39.851,94.708
2084,22.213,40.056,94.542
2085,21.632,39.878,94.750
2086,21.493,40.051,94.750
2087,20.916,40.127,94.917
2088,20.824,39.988,94.833
2089,20.300,40.168,94.833
2090,20.034,40.317,94.917
2091,19.605,39.761,94.875
2092,19.459,40.200,94.958
2093,19.195,40.132,94.625
2094,19.068,40.102,94.833
2095,18.912,40.237,94.917
2096,18.554,39.971,95.000
2097,18.453,40.212,95.000
2098,18.005,39.890,94.792
2099,18.097,39.849,94.708
2100,17.806,39.839,95.083
2101,17.725,40.205,95.083
2102,17.635,39.932,95.083
2103,17.561,39.937,95.042
2104,17.386,39.924,95.208
2105,17.254,40.095,95.000
2106,17.144,39.754,95.125
2107,17.037,39.883,94.833
2108,17.004,39.788,95.042
2109,16.772,39.861,94.875
2110,16.514,39.827,94.292
2111,16.619,39.961,95.000
2112,16.396,40.022,94.583
2113,16.491,40.063,94.417
2114,16.361,39.902,95.042
2115,16.150,39.702,94.875
2116,15.912,39.734,94.917
2117,15.963,39.868,94.500
2118,15.811,39.915,94.833
2119,15.684,39.941,94.917
2120,15.631,39.920,94.917
2121,15.657,40.020,94.875
2122,15.633,40.122,94.917
2123,15.375,39.690,94.833
2124,15.567,39.715,94.667
2125,15.500,40.020,94.750
2126,15.378,40.049,94.625
2127,15.336,39.737,94.958
2128,15.370,39.795,94.708
2129,15.056,39.473,94.792
2130,15.285,39.815,94.958
2131,15.150,39.683,94.875
2132,15.047,39.763,94.250
2133,14.821,39.576,90.250
2134,14.882,39.795,83.458
2135,14.904,39.576,78.458
2136,15.074,39.766,73.875
2137,14.885,39.761,67.625
2138,14.760,39.710,61.667
2139,15.368,40.066,58.125
2140,15.270,40.259,54.583
2141,15.202,40.005,51.083
2142,14.978,39.780,48.792
2143,15.090,39.990,48.792
2144,14.980,40.222,48.833
2145,20.982,40.549,48.125
2146,21.816,40.698,48.583
2147,21.731,40.559,48.542
2148,21.249,40.583,48.708
2149,21.018,40.520,48.792
2150,20.755,40.185,48.500
2151,20.095,40.195,48.458
2152,19.559,40.361,48.250
2153,19.279,40.100,48.375
2154,19.011,40.398,48.292
2155,18.464,40.141,48.583
2156,18.044,40.100,48.500
2157,17.936,40.105,48.250
2158,17.777,39.941,48.458
2159,17.717,39.876,48.375
2160,17.448,39.737,48.667
2161,17.290,39.873,48.458
2162,16.871,39.683,48.750
2163,16.895,39.727,48.792
2164,16.692,39.593,48.833
2165,16.554,39.790,48.583
2166,16.524,39.917,49.042
2167,16.349,39.449,48.750
2168,16.110,39.722,48.792
2169,15.944,39.563,48.875
2170,15.866,39.654,48.792
2171,15.857,39.751,48.583
2172,15.732,39.463,48.917
2173,15.546,39.837,48.542
2174,15.541,39.661,48.708
2175,15.259,39.480,48.917
2176,15.108,39.571,48.792
2177,15.148,39.527,48.875
2178,14.826,39.602,48.917
2179,14.738,39.293,48.333
2180,14.707,39.768,48.917
2181,14.819,39.517,48.375
2182,14.727,39.571,48.500
2183,14.719,39.390,48.333
2184,14.759,39.449,48.458
2185,14.523,39.544,48.708
2186,14.534,39.851,48.417
2187,14.606,39.285,48.833
